time_of_sample,vehicle,historical,recent,schedule,prediction,stop_gtfs_sequence,modpred,real_pred,are_equal
2017-11-10T03:13:40Z,5383,73.14,64,45,41.1510000228882,1,63.856,NA,NA
2017-11-10T03:13:40Z,5383,50.45,62,39,93.930999994278,2,52.78,52.7799999713898,TRUE
2017-11-10T03:13:40Z,5383,24.421,32,37,123.898999929428,3,29.968400000000003,29.967999935150004,TRUE
2017-11-10T03:13:40Z,5383,39.747,63,53,175.598000049591,4,51.698800000000006,51.69900012016301,TRUE
2017-11-10T03:13:40Z,5383,79.159,90.162,63,255.927000045776,5,80.32840000000002,80.32899999618499,TRUE
2017-11-10T03:13:40Z,5383,51.455,44,42,302.509000062943,6,46.582,46.58200001716702,TRUE
2017-11-10T03:13:40Z,5383,66.943,119.443,76,392.263000011444,7,89.7544,89.75399994850096,TRUE
2017-11-10T03:13:40Z,5383,14.856,14.273,26,409.114000082016,8,16.8516,16.851000070572013,TRUE
2017-11-10T03:13:40Z,5383,31,17.727,39,436.40499997139,9,27.2908,27.290999889374007,TRUE
2017-11-10T03:13:46Z,5673,31.636,63.25,50,44.1169998645782,1,47.9544,NA,NA
2017-11-10T03:13:46Z,7698,128,136.668,139,35.5799999237061,1,133.6672,NA,NA
2017-11-10T03:13:46Z,7698,143.191,156.943,139,183.433000087738,2,147.85360000000003,147.85300016403193,TRUE
2017-11-10T03:13:46Z,7698,84.981,63.176,110,264.694999933243,3,81.2628,81.26199984550502,TRUE
2017-11-10T03:13:46Z,7698,62.033,32.02,120,326.315999984741,4,61.6212,61.62100005149796,TRUE
2017-11-10T03:13:46Z,7698,84.107,124.744,31,416.056999921799,5,89.74040000000001,89.740999937058,TRUE
2017-11-10T03:13:46Z,7698,71.76,92.675,45,490.831000089645,6,74.774,74.774000167846,TRUE
2017-11-10T03:13:46Z,7698,62.242,63.505,80,557.130000114441,7,66.2988,66.29900002479604,TRUE
2017-11-10T03:13:46Z,7698,73.473,104.407,94,647.082000017166,8,89.952,89.95199990272499,TRUE
2017-11-10T03:13:46Z,7698,44.947,31.594,47,687.098999977112,9,40.016400000000004,40.01699995994602,TRUE
2017-11-10T03:13:46Z,7698,41.142,62.625,40,736.605999946594,10,49.5068,49.50699996948197,TRUE
2017-11-10T03:13:46Z,7698,62.327,62.539,25,791.552999973297,11,54.946400000000004,54.947000026702995,TRUE
2017-11-10T03:13:46Z,7698,62.67,62.07,80,857.449000120163,12,65.896,65.89600014686596,TRUE
2017-11-10T03:13:46Z,7698,70.145,92.976,98,942.296999931335,13,84.8484,84.84799981117203,TRUE
2017-11-10T03:13:46Z,7698,63.012,93.55,61,1017.12199997902,14,74.82480000000001,74.82500004768497,TRUE
2017-11-10T03:13:46Z,7698,125.2,94.192,232,1151.27900004387,15,134.1568,134.15700006484997,TRUE
2017-11-10T03:13:46Z,7698,62.905,64,67,1215.44099998474,16,64.162,64.16199994087015,TRUE
2017-11-10T03:13:46Z,7698,84.144,93.704,42,1294.98099994659,17,79.53920000000001,79.53999996184984,TRUE
2017-11-10T03:13:46Z,7698,62.934,62.61,78,1360.7990000248,18,65.8176,65.81800007821016,TRUE
2017-11-10T03:13:47Z,2607,62.942,45.399,41,7.54200005531311,1,51.5364,NA,NA
2017-11-10T03:13:47Z,2607,37.901,48.951,50,52.2820000648499,2,44.74080000000001,44.74000000953679,TRUE
2017-11-10T03:13:47Z,2607,25.515,52.891,45,92.6440000534058,3,40.3624,40.3619999885559,TRUE
2017-11-10T03:13:47Z,2607,16.816,38.148,31,120.828999996185,4,28.1856,28.1849999427792,TRUE
2017-11-10T03:13:47Z,2607,36.589,57.101,71,172.505000114441,5,51.676,51.676000118256,TRUE
2017-11-10T03:13:47Z,2607,50.741,70.31,58,232.525000095367,6,60.0204,60.019999980926,TRUE
2017-11-10T03:13:47Z,2607,28.325,31.991,38,264.250999927521,7,31.7264,31.725999832153974,TRUE
2017-11-10T03:13:47Z,2607,34.056,63,61,315.273000001907,8,51.022400000000005,51.02200007438603,TRUE
2017-11-10T03:13:47Z,2607,52.019,85.258,75,385.184000015259,9,69.9108,69.91100001335201,TRUE
2017-11-10T03:13:47Z,2607,35.981,39.73,42,423.868000030518,10,38.684400000000004,38.68400001525896,TRUE
2017-11-10T03:13:47Z,2607,48.353,104.071,100,504.836999893188,11,80.9696,80.96899986267005,TRUE
2017-11-10T03:13:47Z,2607,143.001,122.33,123,635.569000005722,12,130.7324,130.73200011253402,TRUE
2017-11-10T03:13:47Z,2607,25.247,36.716,57,671.753999948502,13,36.1852,36.184999942779996,TRUE
2017-11-10T03:13:47Z,2607,75.792,194.918,38,787.638000011444,14,115.884,115.88400006294194,TRUE
2017-11-10T03:13:47Z,2607,65,95,78,867.237999916077,15,79.6,79.59999990463302,TRUE
2017-11-10T03:13:47Z,2607,21.752,49.471,47,905.12700009346,16,37.889199999999995,37.88900017738297,TRUE
2017-11-10T03:13:47Z,2607,11.481,12.452,19,918.5,17,13.3732,13.37299990654003,TRUE
2017-11-10T03:13:47Z,2607,30.225,27.087,34,948.224999904633,18,29.724800000000005,29.724999904633023,TRUE
2017-11-10T03:13:47Z,2607,34.084,95,52,1010.25900006294,19,62.0336,62.03400015830698,TRUE
2017-11-10T03:13:47Z,2607,28.872,69.104,65,1062.45000004768,20,52.1904,52.190999984740074,TRUE
2017-11-10T03:13:47Z,5889,50.021,37.204,82,66.3780000209808,2,51.290000000000006,NA,NA
2017-11-10T03:13:47Z,5889,56.444,32,81,117.956000089645,3,51.577600000000004,51.578000068664196,TRUE
2017-11-10T03:13:47Z,5889,63,63,59,180.155999898911,4,62.2,62.199999809266004,TRUE
2017-11-10T03:13:47Z,5889,63,37.969,83,237.144000053406,5,56.98760000000001,56.98800015449498,TRUE
2017-11-10T03:13:47Z,5889,47.511,62.379,55,292.099999904633,6,54.956,54.955999851227034,TRUE
2017-11-10T03:13:47Z,5889,57.471,32.197,60,339.967000007629,7,47.8672,47.86700010299597,TRUE
2017-11-10T03:13:47Z,5889,63.789,71.22,66,407.171000003815,8,67.20360000000001,67.20399999618598,TRUE
2017-11-10T03:13:47Z,5889,61.364,64,86,474.516999959946,9,67.3456,67.34599995613104,TRUE
2017-11-10T03:13:47Z,5889,73.995,94.029,63,554.326999902725,10,79.80960000000002,79.80999994277897,TRUE
2017-11-10T03:13:47Z,5889,52.914,89.755,85,628.394999980927,11,74.0676,74.06800007820198,TRUE
2017-11-10T03:13:47Z,5889,106.27,202.826,75,767.032999992371,12,138.63840000000002,138.63800001144398,TRUE
2017-11-10T03:13:47Z,5889,32,59.406,30,809.59500002861,13,42.5624,42.562000036239056,TRUE
2017-11-10T03:13:47Z,5889,31.535,31.13,34,841.460999965668,14,31.866000000000003,31.86599993705795,TRUE
2017-11-10T03:13:47Z,5889,63,62.441,60,903.637000083923,15,62.1764,62.17600011825505,TRUE
2017-11-10T03:13:47Z,5889,46.592,33,44,944.273999929428,16,40.63680000000001,40.63699984550499,TRUE
2017-11-10T03:13:47Z,5889,32,33.585,33,977.108000040054,17,32.834,32.83400011062599,TRUE
2017-11-10T03:13:47Z,5889,20.93,32,30,1004.27999997139,18,27.172,27.171999931336018,TRUE
2017-11-10T03:13:47Z,5889,43.969,64,48,1057.0680000782,19,52.787600000000005,52.78800010680993,TRUE
2017-11-10T03:13:47Z,5889,64.5,77.682,62,1126.34100008011,20,69.2728,69.27300000191008,TRUE
2017-11-10T03:13:47Z,7174,83.75,102.06,27,46.8959999084473,1,79.72400000000002,NA,NA
2017-11-10T03:13:47Z,7174,54.263,63,85,110.801000118256,2,63.90520000000001,63.9050002098087,TRUE
2017-11-10T03:13:47Z,7174,23.826,32,70,147.131000041962,3,36.3304,36.32999992370601,TRUE
2017-11-10T03:13:47Z,7174,35.436,32,40,182.105000019073,4,34.9744,34.97399997711099,TRUE
2017-11-10T03:13:47Z,7174,31.604,48.866,62,226.693000078201,5,44.588,44.58800005912801,TRUE
2017-11-10T03:13:47Z,7174,40.154,31,44,263.954999923706,6,37.2616,37.26199984550499,TRUE
2017-11-10T03:13:47Z,7174,18.22,32,51,294.243000030518,7,30.288000000000004,30.288000106811978,TRUE
2017-11-10T03:13:47Z,7174,93.87,75.516,33,368.596999883652,8,74.3544,74.35399985313404,TRUE
2017-11-10T03:13:47Z,7174,18.053,19.704,57,395.099999904633,9,26.5028,26.503000020981005,TRUE
2017-11-10T03:13:47Z,7174,17.906,17.152,30,415.12299990654,10,20.023200000000003,20.02300000190695,TRUE
2017-11-10T03:13:47Z,7174,13.544,30,30,438.540999889374,11,23.4176,23.417999982834033,TRUE
2017-11-10T03:13:47Z,7174,51.93,55.302,23,486.033999919891,12,47.49280000000001,47.49300003051701,TRUE
2017-11-10T03:13:47Z,7174,31,63,54,534.434000015259,13,48.400000000000006,48.400000095368,TRUE
2017-11-10T03:13:47Z,7174,21.283,18.531,34,557.158999919891,14,22.7256,22.724999904632,TRUE
2017-11-10T03:13:47Z,7174,22.084,21.411,30,580.556999921799,15,23.398000000000003,23.39800000190803,TRUE
2017-11-10T03:13:47Z,7174,31.269,35.172,30,613.134000062943,16,32.5764,32.57700014114391,TRUE
2017-11-10T03:13:47Z,7174,33.1,61.328,33,657.505000114441,17,44.37120000000001,44.37100005149807,TRUE
2017-11-10T03:13:47Z,7174,118.116,85.524,39,746.760999917984,18,89.256,89.25599980354298,TRUE
2017-11-10T03:13:47Z,7174,45.19,32,50,787.637000083923,19,40.876000000000005,40.87600016593899,TRUE
2017-11-10T03:13:47Z,7174,32.434,44.385,46,827.56500005722,20,39.927600000000005,39.927999973297005,TRUE
2017-11-10T03:13:47Z,7472,119.894,132.466,84,60.2730000019073,1,117.74400000000001,NA,NA
2017-11-10T03:13:47Z,7472,187.352,255,214,280.013999938965,2,219.74080000000004,219.74099993705772,TRUE
2017-11-10T03:13:47Z,7817,94.895,108.504,66,47.279000043869,1,94.5596,NA,NA
2017-11-10T03:13:47Z,7817,76.66,32.02,55,101.751000165939,2,54.472,54.47200012207001,TRUE
2017-11-10T03:13:47Z,7817,43.814,57.678,58,153.947999954224,3,52.1968,52.196999788285,TRUE
2017-11-10T03:13:47Z,7817,33.516,47.454,57,197.736000061035,4,43.788,43.78800010681101,TRUE
2017-11-10T03:13:47Z,7817,53.078,31.973,70,245.756000041962,5,48.0204,48.019999980927,TRUE
2017-11-10T03:13:47Z,7817,93.94,62.209,86,325.416000127792,6,79.6596,79.66000008583,TRUE
2017-11-10T03:13:47Z,7817,31.666,35.732,46,361.575000047684,7,36.159200000000006,36.15899991989198,TRUE
2017-11-10T03:13:47Z,7817,29.807,32,50,396.298000097275,8,34.7228,34.72300004959101,TRUE
2017-11-10T03:13:47Z,7817,30.865,23.896,37,425.601999998093,9,29.3044,29.303999900817985,TRUE
2017-11-10T03:13:47Z,7817,46.133,62.475,60,481.045000076294,10,55.443200000000004,55.44300007820101,TRUE
2017-11-10T03:13:47Z,7817,31.139,22.393,42,510.858000040054,11,29.812800000000003,29.812999963759978,TRUE
2017-11-10T03:13:47Z,7817,40.916,39.727,39,550.914999961853,12,40.057199999999995,40.05699992179905,TRUE
2017-11-10T03:13:47Z,7817,62.268,73.286,114,627.936000108719,13,77.0216,77.02100014686596,TRUE
2017-11-10T03:13:47Z,7817,31.15,31.064,36,660.022000074387,14,32.08560000000001,32.085999965668066,TRUE
2017-11-10T03:13:47Z,7817,251.803,280.136,210,914.797000169754,15,254.77560000000003,254.77500009536698,TRUE
2017-11-10T03:13:47Z,7817,96.032,157.39,112,1038.56599998474,16,123.7688,123.76899981498605,TRUE
2017-11-10T03:13:47Z,7817,80.123,62.845,131,1121.95300006866,17,83.387200000000007,83.38700008391993,TRUE
2017-11-10T03:13:47Z,7817,69.794,68.075,82,1193.50100016594,18,71.5476,71.54800009728001,TRUE
2017-11-10T03:13:47Z,7817,62.235,62.445,35,1250.37300014496,19,56.872,56.871999979020075,TRUE
2017-11-10T03:13:47Z,7817,62.12,63.535,80,1316.63499999046,20,66.262,66.26199984549999,TRUE
2017-11-10T03:13:47Z,8055,60.86,63,90,23.2650001049042,1,67.54400000000001,NA,NA
2017-11-10T03:13:47Z,8055,58.204,63,31,77.9470000267029,2,54.6816,54.68199992179869,TRUE
2017-11-10T03:13:47Z,8055,33,39.761,39,114.851000070572,3,36.90440000000001,36.904000043869104,TRUE
2017-11-10T03:13:47Z,8055,43.891,39.354,47,157.549000024796,4,42.698,42.69799995422399,TRUE
2017-11-10T03:13:47Z,8055,57.555,71.05,50,218.990999937057,5,61.44200000000001,61.441999912261025,TRUE
2017-11-10T03:13:47Z,8055,16.619,31,25,243.039000034332,6,24.047600000000003,24.04800009727498,TRUE
2017-11-10T03:13:48Z,762,54.33,57.936,99,55.5550000667572,1,64.7064,NA,NA
2017-11-10T03:13:48Z,762,45.359,49.892,101,113.855999946594,2,58.30040000000001,58.300999879836795,TRUE
2017-11-10T03:13:48Z,762,22.247,18.814,57,141.680999994278,3,27.824399999999997,27.825000047684014,TRUE
2017-11-10T03:13:48Z,762,36.672,32,72,183.549999952316,4,41.8688,41.86899995803799,TRUE
2017-11-10T03:13:48Z,762,64,94.377,61,259.101000070572,5,75.5508,75.55100011825601,TRUE
2017-11-10T03:13:48Z,762,76.124,126,77,355.351000070572,6,96.24960000000002,96.25,TRUE
2017-11-10T03:13:48Z,762,62,93.862,78,433.296000003815,7,77.94480000000001,77.94499993324297,TRUE
2017-11-10T03:13:48Z,762,66.226,83.613,76,508.430999994278,8,75.1356,75.13499999046303,TRUE
2017-11-10T03:13:48Z,1209,77.804,123.701,74,28.3619999885559,1,95.402,NA,NA
2017-11-10T03:13:48Z,1209,94.755,93.09,113,126.100000143051,2,97.738,97.7380001544951,TRUE
2017-11-10T03:13:48Z,1209,93.365,156.556,112,248.46799993515,3,122.36840000000001,122.367999792099,TRUE
2017-11-10T03:13:48Z,1209,73.104,95.674,71,330.180000066757,4,81.7112,81.71200013160697,TRUE
2017-11-10T03:13:48Z,1209,124.295,124.405,107,451.05999994278,5,120.88000000000001,120.87999987602302,TRUE
2017-11-10T03:13:48Z,1209,122.605,177.467,129,596.888999938965,6,145.8288,145.82899999618496,TRUE
2017-11-10T03:13:48Z,1209,48.398,68.149,68,657.108000040054,7,60.21880000000001,60.21900010108902,TRUE
2017-11-10T03:13:48Z,1209,48.601,93.409,94,732.712000131607,8,75.604,75.60400009155308,TRUE
2017-11-10T03:13:48Z,1209,62.516,61.971,105,803.506000041962,9,70.7948,70.79399991035496,TRUE
2017-11-10T03:13:48Z,1209,62.517,79.356,71,874.454999923706,10,70.9492,70.94899988174404,TRUE
2017-11-10T03:13:48Z,1209,73.479,43.633,74,936.100000143051,11,61.644800000000004,61.64500021934498,TRUE
2017-11-10T03:13:48Z,1209,47.943,37.202,58,981.758000135422,12,45.658,45.65799999237095,TRUE
2017-11-10T03:13:48Z,1209,80.164,94.825,61,1063.95399999619,13,82.1956,82.1959998607681,TRUE
2017-11-10T03:13:48Z,1209,48.377,62.512,23,1112.91000008583,14,48.95560000000001,48.95600008963993,TRUE
2017-11-10T03:13:48Z,1209,135.637,146.918,107,1247.33200001717,15,134.422,134.42199993134,TRUE
2017-11-10T03:13:48Z,1209,31.08,31.066,41,1280.3900001049,16,33.058400000000006,33.05800008773008,TRUE
2017-11-10T03:13:48Z,1209,56.969,63.085,40,1336.41199994087,17,56.02160000000001,56.02199983596984,TRUE
2017-11-10T03:13:48Z,1209,25.655,31.531,35,1366.28600001335,18,29.8744,29.874000072480158,TRUE
2017-11-10T03:13:48Z,1209,38.495,49.82,53,1412.21200013161,19,45.926,45.926000118259935,TRUE
2017-11-10T03:13:48Z,1209,37.595,38.143,61,1454.70700001717,20,42.495200000000004,42.49499988555999,TRUE
2017-11-10T03:13:48Z,3672,128.5,158,130,226.766999959946,3,140.60000000000002,NA,NA
2017-11-10T03:13:48Z,3672,95,118.635,68,325.821000099182,4,99.054,99.05400013923602,TRUE
2017-11-10T03:13:48Z,3672,43.026,51.864,98,383.37700009346,5,57.556000000000004,57.55599999427801,TRUE
2017-11-10T03:13:48Z,3672,46.624,63,59,439.026999950409,6,55.64960000000001,55.649999856948966,TRUE
2017-11-10T03:13:48Z,3672,109.732,96,104,542.119999885559,7,103.0928,103.09299993514998,TRUE
2017-11-10T03:13:48Z,3672,22.725,40.908,56,578.773000001907,8,36.653200000000005,36.65300011634804,TRUE
2017-11-10T03:13:48Z,3672,32,71,53,630.572999954224,9,51.800000000000004,51.799999952316966,TRUE
2017-11-10T03:13:48Z,3672,86.35,43.543,56,693.730000019073,10,63.1572,63.15700006484906,TRUE
2017-11-10T03:13:48Z,3672,32,33,61,731.930000066757,11,38.2,38.20000004768394,TRUE
2017-11-10T03:13:48Z,3672,39.506,43.904,70,779.293999910355,12,47.364000000000004,47.36399984359798,TRUE
2017-11-10T03:13:48Z,3672,58.025,65,95,847.503999948502,13,68.21000000000001,68.21000003814709,TRUE
2017-11-10T03:13:48Z,3672,82.188,89.11,60,928.023000001907,14,80.5192,80.51900005340497,TRUE
2017-11-10T03:13:48Z,3672,31.286,31,57,964.336999893188,15,36.3144,36.313999891281014,TRUE
2017-11-10T03:13:48Z,3672,31.439,29.509,49,998.516999959946,16,34.17920000000001,34.180000066758,TRUE
2017-11-10T03:13:48Z,3672,32,33.058,60,1036.53999996185,17,38.0232,38.02300000190405,TRUE
2017-11-10T03:13:48Z,3672,48.879,68.631,75,1098.54399991035,18,62.004000000000005,62.003999948499995,TRUE
2017-11-10T03:13:48Z,3672,33,63,65,1149.94400000572,19,51.400000000000006,51.40000009536993,TRUE
2017-11-10T03:13:48Z,3672,95,95,54,1236.74399995804,20,86.8,86.79999995231992,TRUE
2017-11-10T03:13:48Z,4747,94.264,95.582,92,101.608999967575,2,94.33840000000001,NA,NA
2017-11-10T03:13:48Z,4747,124.285,124.106,81,217.164999961853,3,115.55640000000001,115.555999994278,TRUE
2017-11-10T03:13:48Z,4747,117.762,124.662,83,330.735000133514,4,113.56960000000001,113.57000017166101,TRUE
2017-11-10T03:13:48Z,4747,93.835,74.575,87,415.499000072479,5,84.76400000000001,84.76399993896501,TRUE
2017-11-10T03:13:48Z,4747,58.531,58.784,72,476.825000047684,6,61.326,61.32599997520498,TRUE
2017-11-10T03:13:48Z,4747,62.813,63.193,88,544.827000141144,7,68.0024,68.00200009346003,TRUE
2017-11-10T03:13:48Z,4747,113.421,126.06,113,663.219000101089,8,118.39240000000001,118.391999959945,TRUE
2017-11-10T03:13:48Z,4747,93.59,124.566,67,763.881000041962,9,100.66240000000002,100.66199994087299,TRUE
2017-11-10T03:13:48Z,4747,63.16,62.119,72,828.393000125885,10,64.5116,64.512000083923,TRUE
2017-11-10T03:13:48Z,4747,62.073,62.899,54,889.182000160217,11,60.788799999999995,60.789000034331934,TRUE
2017-11-10T03:13:48Z,4747,62.896,62.365,67,952.686000108719,12,63.5044,63.50399994850204,TRUE
2017-11-10T03:13:48Z,4747,62.366,93.94,100,1035.20799994469,13,82.5224,82.52199983597109,TRUE
2017-11-10T03:13:48Z,4747,69.267,100.427,56,1114.28600001335,14,79.0776,79.07800006866,TRUE
2017-11-10T03:13:48Z,4747,35.737,62.29,42,1161.89700007439,15,47.610800000000005,47.61100006103993,TRUE
2017-11-10T03:13:48Z,4747,77.804,123.701,60,1254.49900007248,16,92.602,92.60199999808992,TRUE
2017-11-10T03:13:48Z,4747,94.755,93.09,90,1347.63700008392,17,93.138,93.13800001144,TRUE
2017-11-10T03:13:48Z,4747,93.365,156.556,90,1465.60500001907,18,117.9684,117.96799993515015,TRUE
2017-11-10T03:13:48Z,4747,73.104,95.674,56,1544.31700015068,19,78.7112,78.71200013161001,TRUE
2017-11-10T03:13:48Z,4747,124.295,124.405,86,1660.99699997902,20,116.68,116.67999982833999,TRUE
2017-11-10T03:13:48Z,4888,139.855,250.87,64,177.751000165939,2,169.09000000000003,NA,NA
2017-11-10T03:13:48Z,4888,128,102.179,127,295.223000049591,3,117.47160000000001,117.47199988365202,TRUE
2017-11-10T03:13:48Z,4888,126.565,158.4,158,440.809000015259,4,145.586,145.585999965668,TRUE
2017-11-10T03:13:48Z,4888,171.514,162,182,610.615000009537,5,169.8056,169.80599999427795,TRUE
2017-11-10T03:13:48Z,4888,54.263,63,55,668.519999980927,6,57.90520000000001,57.90499997139,TRUE
2017-11-10T03:13:48Z,4888,136.952,179.488,181,831.296000003815,7,162.776,162.77600002288807,TRUE
2017-11-10T03:13:48Z,4888,118.439,124.66,136,955.736000061035,8,124.4396,124.44000005722,TRUE
2017-11-10T03:13:48Z,4888,65.717,49.106,97,1021.06500005722,9,65.3292,65.32899999618496,TRUE
2017-11-10T03:13:48Z,4888,135.944,158,200,1178.64300012589,10,157.57760000000002,157.57800006867,TRUE
2017-11-10T03:13:48Z,4888,118.116,85.524,41,1268.2990000248,11,89.656,89.65599989891007,TRUE
2017-11-10T03:13:48Z,4888,76.046,84.807,77,1348.03999996185,12,79.74120000000002,79.74099993704999,TRUE
2017-11-10T03:13:48Z,4888,28.883,19.353,29,1373.13400006294,13,25.094400000000004,25.094000101089932,TRUE
2017-11-10T03:13:48Z,4888,205.971,167.595,235,1569.55999994278,14,196.4264,196.42599987984,TRUE
2017-11-10T03:13:48Z,4888,97,94.294,88,1663.6779999733,15,94.11760000000001,94.11800003052008,TRUE
2017-11-10T03:13:48Z,4888,93.239,95,70,1752.97399997711,16,89.29560000000001,89.29600000380992,TRUE
2017-11-10T03:13:48Z,4888,77.729,79.104,56,1826.90799999237,17,73.9332,73.93400001525993,TRUE
2017-11-10T03:13:48Z,4888,66.161,80.896,44,1894.52999997139,18,67.6228,67.62199997902007,TRUE
2017-11-10T03:13:48Z,4888,41.895,32,46,1933.28800010681,19,38.758,38.758000135419934,TRUE
2017-11-10T03:13:48Z,4888,63,63.75,63,1996.58800005913,20,63.300000000000004,63.29999995232015,TRUE
2017-11-10T03:13:48Z,6543,19.26,23.767,34,14.1240000724792,1,24.0108,NA,NA
2017-11-10T03:13:48Z,6543,100.825,95.556,95,111.676000118256,2,97.5524,97.5520000457768,TRUE
2017-11-10T03:13:48Z,6543,19.235,21.681,31,134.242000102997,3,22.5664,22.565999984740998,TRUE
2017-11-10T03:13:48Z,6543,22.002,26.836,39,161.576999902725,4,27.335200000000004,27.334999799727996,TRUE
2017-11-10T03:13:48Z,6543,24.67,25.201,44,190.325000047684,5,28.748400000000004,28.748000144959008,TRUE
2017-11-10T03:13:48Z,6543,17.466,32,30,216.111000061035,6,25.7864,25.786000013351014,TRUE
2017-11-10T03:13:48Z,6543,18.583,31,45,244.944000005722,7,28.833199999999998,28.832999944686975,TRUE
2017-11-10T03:13:48Z,6543,50.888,64,51,301.098999977112,8,56.15520000000001,56.15499997139,TRUE
2017-11-10T03:13:48Z,6543,21.826,14.689,14,318.505000114441,9,17.406000000000002,17.406000137328988,TRUE
2017-11-10T03:13:48Z,6543,52.82,28.917,47,360.599999904633,10,42.0948,42.09499979019205,TRUE
2017-11-10T03:13:48Z,6543,22.717,20.307,35,384.80999994278,11,24.209600000000002,24.210000038146973,TRUE
2017-11-10T03:13:48Z,6543,94.254,84.799,95,475.431999921799,12,90.62120000000002,90.621999979019,TRUE
2017-11-10T03:13:48Z,6543,24.893,56.054,29,513.611000061035,13,38.178799999999995,38.17900013923605,TRUE
2017-11-10T03:13:48Z,6543,45.424,32,51,554.780999898911,14,41.1696,41.169999837875935,TRUE
2017-11-10T03:13:48Z,6543,32.122,33,41,589.02999997139,15,34.2488,34.24900007247902,TRUE
2017-11-10T03:13:48Z,6543,37.345,64,62,641.96799993515,16,52.938,52.937999963760035,TRUE
2017-11-10T03:13:48Z,6543,43.242,51.82,58,691.59299993515,17,49.6248,49.625,TRUE
2017-11-10T03:13:48Z,6543,20.144,18.818,34,713.977999925613,18,22.3848,22.384999990462916,TRUE
2017-11-10T03:13:48Z,6543,18.39,15.329,33,734.065999984741,19,20.087600000000002,20.088000059128035,TRUE
2017-11-10T03:13:48Z,6543,31,34.797,41,768.585000038147,20,34.5188,34.51900005340599,TRUE
2017-11-10T03:13:48Z,7171,95,95,63,45.1679999828339,1,88.6,NA,NA
2017-11-10T03:13:48Z,7171,62,107.024,102,133.177999973297,2,88.0096,88.00999999046311,TRUE
2017-11-10T03:13:48Z,7171,31.176,50.755,68,179.549999952316,3,46.372400000000006,46.371999979018995,TRUE
2017-11-10T03:13:48Z,7171,51.643,64,55,236.806999921799,4,57.257200000000005,57.25699996948299,TRUE
2017-11-10T03:13:48Z,7171,43.374,40.032,59,281.97000002861,5,45.162400000000005,45.16300010681101,TRUE
2017-11-10T03:13:48Z,7171,32,62,80,335.569999933243,6,53.6,53.59999990463302,TRUE
2017-11-10T03:13:48Z,7171,64.763,64,81,403.275000095367,7,67.7052,67.70500016212395,TRUE
2017-11-10T03:13:48Z,7171,31.672,17.575,136,450.174000024796,8,46.89880000000001,46.89899992942901,TRUE
2017-11-10T03:13:48Z,7171,64,64,39,509.174000024796,9,59,59,TRUE
2017-11-10T03:13:48Z,7171,96,129,100,619.174000024796,10,110,110,TRUE
2017-11-10T03:13:48Z,7171,91.645,117.868,60,714.979000091553,11,95.8052,95.80500006675697,TRUE
2017-11-10T03:13:48Z,7171,28.781,24.71,57,747.775000095367,12,32.7964,32.796000003814015,TRUE
2017-11-10T03:13:48Z,7171,32,39.29,46,785.490999937057,13,37.716,37.71599984169006,TRUE
2017-11-10T03:13:48Z,7171,32,29.716,48,819.776999950409,14,34.2864,34.28600001335201,TRUE
2017-11-10T03:13:48Z,7171,32,43.083,48,859.410000085831,15,39.6332,39.63300013542198,TRUE
2017-11-10T03:13:48Z,7171,108.941,95,55,951.986000061035,16,92.5764,92.57599997520401,TRUE
2017-11-10T03:13:48Z,7171,23.315,19.866,90,987.257999897003,17,35.272400000000005,35.271999835967904,TRUE
2017-11-10T03:13:48Z,7171,19.706,20.813,45,1012.46499991417,18,25.2076,25.207000017167047,TRUE
2017-11-10T03:13:48Z,7171,42.991,51.231,47,1059.5529999733,19,47.0888,47.08800005913008,TRUE
2017-11-10T03:13:48Z,7171,38.423,63,59,1111.92199993134,20,52.369200000000006,52.36899995803992,TRUE
2017-11-10T03:13:48Z,8208,0,107.432,85,99.9550001621246,2,59.97280000000001,NA,NA
2017-11-10T03:13:48Z,8208,0,41.582,32,138.343000173569,3,23.0328,38.388000011444404,FALSE
2017-11-10T03:13:48Z,8208,0,55.775,52,192.858999967575,4,32.71,54.51599979400598,FALSE
2017-11-10T03:13:48Z,8208,27.432,35.156,35,224.894000053406,5,32.0352,32.035000085831,TRUE
2017-11-10T03:13:48Z,8208,22.052,34.74,24,252.411000013351,6,27.5168,27.516999959945025,TRUE
2017-11-10T03:13:48Z,8208,71.793,36.939,42,304.304000139236,7,51.8928,51.89300012588498,TRUE
2017-11-10T03:13:48Z,8208,29.082,21.234,27,329.831000089645,8,25.526400000000002,25.526999950408992,TRUE
2017-11-10T03:13:48Z,8208,33.562,22.734,30,358.350000143051,9,28.5184,28.51900005340599,TRUE
2017-11-10T03:13:48Z,8208,27.768,46.544,34,394.875,10,36.5248,36.52499985694902,TRUE
2017-11-10T03:13:48Z,8208,26.879,35.074,34,426.457000017166,11,31.581200000000003,31.582000017166024,TRUE
2017-11-10T03:13:48Z,8208,97.479,111.87,72,524.59700012207,12,98.13960000000002,98.14000010490395,TRUE
2017-11-10T03:13:48Z,8208,19.083,21.368,22,545.177000045776,13,20.580399999999997,20.579999923706055,TRUE
2017-11-10T03:13:48Z,8208,28.941,23.175,26,571.223000049591,14,26.046400000000002,26.046000003814925,TRUE
2017-11-10T03:13:48Z,8208,16.397,24.529,32,593.993999958038,15,22.770400000000002,22.77099990844704,TRUE
2017-11-10T03:13:48Z,8208,29.699,47.468,35,631.861000061035,16,37.866800000000005,37.867000102997054,TRUE
2017-11-10T03:13:48Z,8208,69.327,44.935,31,683.766000032425,17,51.90480000000001,51.90499997139,TRUE
2017-11-10T03:13:48Z,8208,56.126,31.081,44,727.447999954224,18,43.6828,43.68199992179893,TRUE
2017-11-10T03:13:48Z,8208,16.315,70.055,26,767.196000099182,19,39.74800000000001,39.74800014495804,TRUE
2017-11-10T03:13:48Z,8208,9.742,14.015,22,781.098999977112,20,13.902800000000001,13.902999877930029,TRUE
2017-11-10T03:13:48Z,8208,9.992,15.416,23,795.861999988556,21,14.763200000000001,14.763000011443978,TRUE
2017-11-10T03:13:49Z,351,118.258,110.743,97,123.030999898911,2,111.00040000000001,NA,NA
2017-11-10T03:13:49Z,351,43.3,46.116,61,170.996999979019,3,47.96640000000001,47.96600008010799,TRUE
2017-11-10T03:13:49Z,351,47.641,31,62,214.852999925613,4,43.8564,43.85599994659401,TRUE
2017-11-10T03:13:49Z,351,43.485,64,61,270.046999931335,5,55.194,55.19400000572199,TRUE
2017-11-10T03:13:49Z,351,38.249,63,46,319.746999979019,6,49.699600000000004,49.700000047684,TRUE
2017-11-10T03:13:49Z,351,49.618,62.966,67,378.180000066757,7,58.433600000000006,58.43300008773798,TRUE
2017-11-10T03:13:49Z,351,95,96,39,462.380000114441,8,84.2,84.200000047684,TRUE
2017-11-10T03:13:49Z,351,95,124.335,97,569.513999938965,9,107.13400000000001,107.13399982452398,TRUE
2017-11-10T03:13:49Z,351,95.5,108.372,83,667.663000106812,10,98.1488,98.14900016784702,TRUE
2017-11-10T03:13:49Z,351,63,96,84,748.06299996376,11,80.4,80.39999985694806,TRUE
2017-11-10T03:13:49Z,351,73.615,97.921,84,833.476999998093,12,85.4144,85.41400003433296,TRUE
2017-11-10T03:13:49Z,351,86.357,88.306,80,919.342000007629,13,85.8652,85.86500000953606,TRUE
2017-11-10T03:13:49Z,351,66.39,73.331,84,992.02999997139,14,72.6884,72.68799996376094,TRUE
2017-11-10T03:13:49Z,351,56.824,83.664,56,1059.42600011826,15,67.3952,67.39600014686994,TRUE
2017-11-10T03:13:49Z,351,32.237,62.176,55,1108.19099998474,16,48.76520000000001,48.76499986648014,TRUE
2017-11-10T03:13:49Z,351,79.79,94,58,1189.3069999218,17,81.11600000000001,81.11599993706,TRUE
2017-11-10T03:13:49Z,351,89.925,97,62,1276.47699999809,18,87.17000000000002,87.17000007628985,TRUE
2017-11-10T03:13:49Z,351,75.548,94.11,63,1356.94000005722,19,80.4632,80.46300005913008,TRUE
2017-11-10T03:13:49Z,351,52.261,85.642,43,1420.7009999752,20,63.7612,63.760999917979916,TRUE
2017-11-10T03:13:49Z,5367,52.199,48.421,70,11.6240000724792,1,54.248000000000005,NA,NA
2017-11-10T03:13:49Z,5374,65,58.837,89,40.8540000915527,1,67.3348,NA,NA
2017-11-10T03:13:49Z,5374,27.535,27.638,25,67.9230000972748,2,27.069200000000002,27.069000005722096,TRUE
2017-11-10T03:13:49Z,5374,85.328,96,98,160.053999900818,3,92.1312,92.13099980354322,TRUE
2017-11-10T03:13:49Z,5374,65,64,62,224.053999900818,4,64,64,TRUE
2017-11-10T03:13:49Z,5374,65,87.923,77,300.62299990654,5,76.56920000000001,76.56900000572196,TRUE
2017-11-10T03:13:49Z,5374,41.837,64,52,353.358000040054,6,52.7348,52.735000133514006,TRUE
2017-11-10T03:13:49Z,5374,32,40.924,52,392.927999973297,7,39.5696,39.569999933243025,TRUE
2017-11-10T03:13:49Z,5374,45.685,32,64,436.802000045776,8,43.874,43.87400007247902,TRUE
2017-11-10T03:13:49Z,5374,46.893,53.895,55,488.117000102997,9,51.315200000000004,51.31500005722097,TRUE
2017-11-10T03:13:49Z,5374,63,90.8,53,560.236999988556,10,72.12,72.11999988555903,TRUE
2017-11-10T03:13:49Z,5374,33,36.694,55,599.115000009537,11,38.8776,38.87800002098095,TRUE
2017-11-10T03:13:49Z,5374,64,63,83,666.515000104904,12,67.4,67.40000009536698,TRUE
2017-11-10T03:13:49Z,5374,32,47.24,33,704.811000108719,13,38.296,38.29600000381504,TRUE
2017-11-10T03:13:49Z,5374,64,63,74,770.411000013351,14,65.60000000000001,65.599999904632,TRUE
2017-11-10T03:13:49Z,5374,32,31,46,804.811000108719,15,34.400000000000006,34.400000095368,TRUE
2017-11-10T03:13:49Z,5374,51.188,63,76,865.686000108719,16,60.87520000000001,60.875,TRUE
2017-11-10T03:13:49Z,5374,73.14,64,45,929.542000055313,17,63.856,63.85599994659401,TRUE
2017-11-10T03:13:49Z,5374,50.45,62,39,982.322000026703,18,52.78,52.77999997139,TRUE
2017-11-10T03:13:49Z,5374,24.421,32,37,1012.28999996185,19,29.968400000000003,29.967999935146963,TRUE
2017-11-10T03:13:49Z,5374,39.747,63,53,1063.98900008202,20,51.698800000000006,51.699000120170126,TRUE
2017-11-10T03:13:49Z,5519,31.101,22.604,43,34.8819999694824,2,30.082,NA,NA
2017-11-10T03:13:49Z,5519,63.22,56.075,51,92.7999999523163,3,57.918000000000006,57.9179999828339,TRUE
2017-11-10T03:13:49Z,5519,57.078,43.84,54,143.967000007629,4,51.16720000000001,51.1670000553127,TRUE
2017-11-10T03:13:49Z,5888,115.707,143.028,146,118.151999950409,1,132.69400000000002,NA,NA
2017-11-10T03:13:49Z,5888,82.388,94.584,107,210.341000080109,2,92.18880000000001,92.1890001297,TRUE
2017-11-10T03:13:49Z,5888,83.308,102.508,147,314.066999912262,3,103.72640000000001,103.72599983215301,TRUE
2017-11-10T03:13:49Z,5888,95,95,89,407.867000102997,4,93.8,93.80000019073498,TRUE
2017-11-10T03:13:49Z,5888,96,109.917,123,514.834000110626,5,106.9668,106.967000007629,TRUE
2017-11-10T03:13:49Z,5888,95,161,77,632.634000062943,6,117.80000000000001,117.79999995231697,TRUE
2017-11-10T03:13:49Z,5888,66.012,128,61,722.438999891281,7,89.80480000000001,89.80499982833805,TRUE
2017-11-10T03:13:49Z,5888,94,106.859,70,816.782999992371,8,94.34360000000001,94.34400010108993,TRUE
2017-11-10T03:13:49Z,5888,84.972,89.259,92,904.875999927521,9,88.0924,88.09299993515003,TRUE
2017-11-10T03:13:49Z,5888,65,63,77,971.476000070572,10,66.60000000000001,66.60000014305103,TRUE
2017-11-10T03:13:49Z,5888,92.661,80.286,109,1062.45399999619,11,90.97879999999999,90.97799992561806,TRUE
2017-11-10T03:13:49Z,5888,47.64,55.169,70,1117.57800006866,12,55.123599999999996,55.124000072469926,TRUE
2017-11-10T03:13:49Z,5888,84.413,100.262,89,1209.24799990654,13,91.67,91.66999983787991,TRUE
2017-11-10T03:13:49Z,5888,40.7,110.896,87,1287.28600001335,14,78.03840000000001,78.03800010681016,TRUE
2017-11-10T03:13:49Z,5888,49.162,32.313,76,1335.0759999752,15,47.790000000000006,47.789999961849844,TRUE
2017-11-10T03:13:49Z,5888,94.396,96,104,1432.03399991989,16,96.9584,96.95799994469007,TRUE
2017-11-10T03:13:49Z,5888,49.878,64,115,1500.58500003815,17,68.5512,68.55100011825994,TRUE
2017-11-10T03:13:49Z,5888,85.635,85.72,105,1590.12700009346,18,89.542,89.54200005531015,TRUE
2017-11-10T03:13:49Z,5888,91.353,96,111,1687.26799988747,19,97.14120000000001,97.14099979400999,TRUE
2017-11-10T03:13:49Z,5888,165.551,202,132,1860.68799996376,20,173.4204,173.42000007628985,TRUE
2017-11-10T03:13:49Z,6079,55.139,63,64,32.8429999351501,1,60.0556,NA,NA
2017-11-10T03:13:49Z,6079,25.647,76.05,49,83.3220000267029,2,50.47880000000001,50.4790000915528,TRUE
2017-11-10T03:13:49Z,6079,38.649,15.998,41,113.381000041962,3,30.058800000000005,30.0590000152591,TRUE
2017-11-10T03:13:49Z,6079,72.98,126,69,206.773000001907,4,93.39200000000001,93.39199995994501,TRUE
2017-11-10T03:13:49Z,6079,63.304,156.212,77,309.980000019073,5,103.2064,103.20700001716597,TRUE
2017-11-10T03:13:49Z,6079,82.597,97,80,397.819000005722,6,87.8388,87.83899998664901,TRUE
2017-11-10T03:13:49Z,6079,64,75.759,52,464.12299990654,7,66.3036,66.30399990081798,TRUE
2017-11-10T03:13:49Z,6079,74.6,97,82,549.163000106812,8,85.04,85.040000200272,TRUE
2017-11-10T03:13:49Z,6079,39.228,95,63,615.453999996185,9,66.2912,66.29099988937298,TRUE
2017-11-10T03:13:49Z,6079,57.361,62.72,43,672.085999965668,10,56.632400000000004,56.63199996948299,TRUE
2017-11-10T03:13:49Z,6079,82.717,96,74,758.37299990654,11,86.28680000000001,86.28699994087208,TRUE
2017-11-10T03:13:49Z,6079,62,55.851,49,815.31299996376,12,56.9404,56.940000057220004,TRUE
2017-11-10T03:13:49Z,6079,35.098,48.334,71,862.885999917984,13,47.57280000000001,47.572999954223974,TRUE
2017-11-10T03:13:49Z,6079,48.393,63,46,916.642999887466,14,53.75720000000001,53.75699996948197,TRUE
2017-11-10T03:13:49Z,6079,50.598,63,71,976.28200006485,15,59.6392,59.63900017738399,TRUE
2017-11-10T03:13:49Z,6079,108.508,138.58,97,1094.51699995995,16,118.23520000000002,118.23499989510003,TRUE
2017-11-10T03:13:49Z,6079,32,32,43,1128.71700000763,17,34.2,34.20000004768008,TRUE
2017-11-10T03:13:49Z,6079,97,96,69,1219.71700000763,18,91.00000000000001,91,TRUE
2017-11-10T03:13:49Z,6079,44.942,65,104,1284.49399995804,19,64.7768,64.77699995040985,TRUE
2017-11-10T03:13:49Z,6079,57.125,54.752,85,1346.24499988556,20,61.750800000000005,61.75099992752007,TRUE
2017-11-10T03:13:49Z,6474,48.589,58.503,28,48.4360001087189,1,48.436800000000005,NA,NA
2017-11-10T03:13:49Z,6474,19.306,18.904,29,69.5199999809265,2,21.084000000000003,21.0839998722076,TRUE
2017-11-10T03:13:49Z,6474,26.598,19.507,31,94.1619999408722,3,24.642,24.641999959945707,TRUE
2017-11-10T03:13:49Z,6474,21.677,27.512,32,120.237999916077,4,26.0756,26.075999975204795,TRUE
2017-11-10T03:13:49Z,6474,15.073,23.718,23,140.354000091553,5,20.116400000000002,20.11600017547599,TRUE
2017-11-10T03:13:49Z,6474,23.56,31,29,167.977999925613,6,27.624,27.623999834060015,TRUE
2017-11-10T03:13:49Z,6474,60.86,63,90,235.522000074387,7,67.54400000000001,67.54400014877399,TRUE
2017-11-10T03:13:49Z,6474,58.204,63,31,290.203999996185,8,54.6816,54.681999921798024,TRUE
2017-11-10T03:13:49Z,6474,33,39.761,39,327.108000040054,9,36.90440000000001,36.90400004386896,TRUE
2017-11-10T03:13:49Z,6474,43.891,39.354,47,369.805999994278,10,42.698,42.69799995422403,TRUE
2017-11-10T03:13:49Z,6474,57.555,71.05,50,431.24799990654,11,61.44200000000001,61.44199991226196,TRUE
2017-11-10T03:13:49Z,6474,16.619,31,25,455.296000003815,12,24.047600000000003,24.048000097275008,TRUE
2017-11-10T03:13:49Z,6474,41.756,63,26,502.398000001907,13,47.1024,47.101999998092026,TRUE
2017-11-10T03:13:49Z,6474,18.26,25.817,18,523.628999948502,14,21.230800000000002,21.230999946595034,TRUE
2017-11-10T03:13:49Z,6474,41.465,47.326,46,568.34500002861,15,44.71640000000001,44.71600008010796,TRUE
2017-11-10T03:13:49Z,6474,36.635,26.611,32,600.042999982834,16,31.6984,31.697999954223974,TRUE
2017-11-10T03:13:49Z,6560,73.735,80.69,70,66.0280001163483,1,75.77000000000001,NA,NA
2017-11-10T03:13:49Z,6560,18.61,20.701,37,89.1519999504089,2,23.1244,23.123999834060598,TRUE
2017-11-10T03:13:49Z,6560,19.553,32,39,117.572999954224,3,28.421200000000002,28.42100000381511,TRUE
2017-11-10T03:13:49Z,6560,19.506,29.679,39,145.046999931335,4,27.474,27.473999977110992,TRUE
2017-11-10T03:13:49Z,6560,27.516,33.412,51,179.618000030518,5,34.571200000000005,34.57100009918301,TRUE
2017-11-10T03:13:49Z,6560,65.946,93.38,67,256.74799990654,6,77.1304,77.12999987602197,TRUE
2017-11-10T03:13:49Z,6560,31,63,37,301.74799990654,7,45,45,TRUE
2017-11-10T03:13:49Z,6560,40.163,49.206,37,344.894999980927,8,43.147600000000004,43.14700007438705,TRUE
2017-11-10T03:13:49Z,6560,40.744,46.26,48,389.296999931335,9,44.4016,44.40199995040797,TRUE
2017-11-10T03:13:49Z,6560,50.257,63,42,443,10,53.7028,53.703000068665006,TRUE
2017-11-10T03:13:49Z,6560,32,49.859,52,486.144000053406,11,43.1436,43.14400005340599,TRUE
2017-11-10T03:13:49Z,6560,64,64,68,550.944000005722,12,64.80000000000001,64.79999995231606,TRUE
2017-11-10T03:13:49Z,6560,57.332,96,53,622.87700009346,13,71.93280000000001,71.93300008773792,TRUE
2017-11-10T03:13:49Z,6560,31,32,47,657.476999998093,14,34.6,34.59999990463302,TRUE
2017-11-10T03:13:49Z,6560,54.814,64,41,713.203000068665,15,55.72560000000001,55.72600007057201,TRUE
2017-11-10T03:13:49Z,6560,19.486,31,29,739.197000026703,16,25.994400000000002,25.99399995803799,TRUE
2017-11-10T03:13:49Z,6560,48.082,51.735,50,789.124000072479,17,49.9268,49.927000045776026,TRUE
2017-11-10T03:13:49Z,6560,51.585,49.124,58,841.007999897003,18,51.88360000000001,51.883999824523926,TRUE
2017-11-10T03:13:49Z,6560,23.562,38.501,40,873.832999944687,19,32.8252,32.82500004768406,TRUE
2017-11-10T03:13:49Z,6650,35.667,36.624,58,27.2439999580383,1,40.516400000000004,NA,NA
2017-11-10T03:13:49Z,6650,65,43.87,61,82.9920001029968,2,55.748000000000005,55.748000144958496,TRUE
2017-11-10T03:13:49Z,6650,76.376,65,54,150.342000007629,3,67.35040000000001,67.3499999046322,TRUE
2017-11-10T03:13:49Z,6650,95,96,82,243.141999959946,4,92.80000000000001,92.799999952317,TRUE
2017-11-10T03:13:49Z,6650,20.801,32,25,269.262000083923,5,26.1204,26.120000123977007,TRUE
2017-11-10T03:13:49Z,6650,96,126,95,377.06200003624,6,107.80000000000001,107.79999995231702,TRUE
2017-11-10T03:13:49Z,6650,64,97,72,455.861999988556,7,78.80000000000001,78.799999952316,TRUE
2017-11-10T03:13:49Z,6650,32,46.499,48,496.861999988556,8,40.9996,41,FALSE
2017-11-10T03:13:49Z,6650,98,125,65,599.06200003624,9,102.2,102.20000004768394,TRUE
2017-11-10T03:13:49Z,6650,32,31,39,632.06200003624,10,33,33,TRUE
2017-11-10T03:13:49Z,6650,27.386,31,68,669.016000032425,11,36.9544,36.953999996185075,TRUE
2017-11-10T03:13:49Z,6650,32,32,56,705.815999984741,12,36.800000000000004,36.79999995231594,TRUE
2017-11-10T03:13:49Z,6650,43.25,38.729,47,748.007999897003,13,42.1916,42.19199991226196,TRUE
2017-11-10T03:13:49Z,6650,28.65,31,41,780.068000078201,14,32.06,32.060000181198006,TRUE
2017-11-10T03:13:49Z,6650,32,26.711,44,812.351999998093,15,32.284400000000005,32.28399991989204,TRUE
2017-11-10T03:13:49Z,6650,95,94,83,904.552000045776,16,92.19999999999999,92.20000004768303,TRUE
2017-11-10T03:13:49Z,6650,31,31,37,936.75200009346,17,32.2,32.20000004768394,TRUE
2017-11-10T03:13:50Z,3082,807.107,884.205,887,799.04999995231606,1,853.9248,NA,NA
2017-11-10T03:13:50Z,3082,221.093,219.93,73,990.059000015259,2,191.0092,191.00900006294296,TRUE
2017-11-10T03:13:50Z,3082,163.232,160.566,177,1154.97799992561,3,164.91920000000002,164.91899991035098,TRUE
2017-11-10T03:13:50Z,3082,190,220.93,183,1355.94999980927,4,200.972,200.97199988365992,TRUE
2017-11-10T03:13:50Z,3082,55.242,62,41,1411.04699993134,5,55.0968,55.097000122070085,TRUE
2017-11-10T03:13:50Z,3082,49.564,115.889,62,1489.6289999485,6,78.58120000000001,78.58200001716,TRUE
2017-11-10T03:13:50Z,3082,57.246,56.174,77,1550.39699983597,7,60.768,60.76799988747007,TRUE
2017-11-10T03:13:50Z,3082,62.622,49.547,44,1604.0649998188,8,53.66759999999999,53.66799998283,TRUE
2017-11-10T03:13:50Z,3082,38.856,61.741,55,1655.3029999733,9,51.2388,51.238000154500014,TRUE
2017-11-10T03:13:50Z,3082,49.435,54.481,90,1714.86899995804,10,59.5664,59.56599998473985,TRUE
2017-11-10T03:13:50Z,3082,44.573,62.045,53,1768.11599993706,11,53.2472,53.246999979020075,TRUE
2017-11-10T03:13:50Z,3082,104.99,118.05,118,1880.9319999218,12,112.816,112.81599998474007,TRUE
2017-11-10T03:13:50Z,3082,56.424,93.49,64,1953.69799995422,13,72.7656,72.76600003241992,TRUE
2017-11-10T03:13:50Z,3082,55.036,56.444,85,2015.28999996185,14,61.592000000000006,61.59200000763008,TRUE
2017-11-10T03:13:50Z,3082,43.065,58.5,47,2065.31599998474,15,50.026,50.026000022889775,TRUE
2017-11-10T03:13:50Z,3082,38.509,42.195,39,2105.39800000191,16,40.081599999999995,40.08200001717023,TRUE
2017-11-10T03:13:50Z,3082,62.255,62.085,42,2163.53399991989,17,58.136,58.135999917979916,TRUE
2017-11-10T03:13:50Z,4873,37.925,27.932,57,13.5870001316071,1,37.7428,NA,NA
2017-11-10T03:13:50Z,4873,64,29.767,50,61.0940001010895,2,47.5068,47.5069999694824,TRUE
2017-11-10T03:13:50Z,4873,36.111,38.475,61,103.128000020981,3,42.034400000000005,42.03399991989151,TRUE
2017-11-10T03:13:50Z,4873,12.116,13.267,57,124.681000232697,4,21.5532,21.553000211715997,TRUE
2017-11-10T03:13:50Z,4873,33,32,28,156.281000137329,5,31.6,31.599999904631986,TRUE
2017-11-10T03:13:50Z,4873,64,95,47,229.281000137329,6,73,73,TRUE
2017-11-10T03:13:50Z,4873,39.309,50.279,55,276.117000102997,7,46.8352,46.83599996566801,TRUE
2017-11-10T03:13:50Z,4873,65,39.886,65,331.071000099182,8,54.9544,54.95399999618502,TRUE
2017-11-10T03:13:50Z,4873,54.004,94.264,65,403.37900018692,9,72.3072,72.30800008773798,TRUE
2017-11-10T03:13:50Z,4873,89.381,93.3,67,489.851000070572,10,86.47240000000001,86.47199988365202,TRUE
2017-11-10T03:13:50Z,4873,39.289,63.191,68,544.443000078201,11,54.592000000000006,54.59200000762894,TRUE
2017-11-10T03:13:50Z,4873,64,33,65,596.243000030518,12,51.800000000000004,51.79999995231708,TRUE
2017-11-10T03:13:50Z,4873,32,44.316,66,639.969000101089,13,43.726400000000005,43.72600007057099,TRUE
2017-11-10T03:13:50Z,4873,82.03,72.044,18,705.199000120163,14,65.2296,65.23000001907394,TRUE
2017-11-10T03:13:50Z,4873,56.11,40.325,71,757.973000049591,15,52.77400000000001,52.77399992942799,TRUE
2017-11-10T03:13:50Z,4873,128.969,139.663,40,873.426000118256,16,115.45280000000001,115.453000068665,TRUE
2017-11-10T03:13:50Z,4873,40.48,84.272,100,943.327000141144,17,69.9008,69.90100002288807,TRUE
2017-11-10T03:13:50Z,4873,23.3,38.373,55,978.996000051498,18,35.669200000000004,35.66899991035393,TRUE
2017-11-10T03:13:50Z,4873,64,41.391,29,1026.95200014114,19,47.9564,47.956000089641975,TRUE
2017-11-10T03:13:50Z,4873,24.736,20.521,56,1056.25400018692,20,29.302800000000005,29.302000045780005,TRUE
2017-11-10T03:13:50Z,5268,96,128,103,92.010999917984,1,110.20000000000002,NA,NA
2017-11-10T03:13:50Z,5268,115.707,143.028,133,222.105000019073,2,130.094,130.09400010108902,TRUE
2017-11-10T03:13:50Z,5268,82.388,94.584,98,312.493999958038,3,90.3888,90.38899993896499,TRUE
2017-11-10T03:13:50Z,5268,83.308,102.508,133,413.420000076294,4,100.9264,100.92600011825601,TRUE
2017-11-10T03:13:50Z,5268,95,95,76,504.619999885559,5,91.2,91.19999980926502,TRUE
2017-11-10T03:13:50Z,5268,96,109.917,106,608.18700003624,6,103.56680000000001,103.56700015068094,TRUE
2017-11-10T03:13:50Z,5268,95,161,66,723.786999940872,7,115.60000000000001,115.599999904632,TRUE
2017-11-10T03:13:50Z,5268,66.012,128,52,811.792000055313,8,88.00480000000002,88.00500011444103,TRUE
2017-11-10T03:13:50Z,5268,94,106.859,60,904.135999917984,9,92.34360000000001,92.34399986267101,TRUE
2017-11-10T03:13:50Z,5268,84.972,89.259,74,988.628999948502,10,84.49239999999999,84.49300003051803,TRUE
2017-11-10T03:13:50Z,5268,65,63,62,1052.22900009155,11,63.6,63.600000143047964,TRUE
2017-11-10T03:13:50Z,5268,92.661,80.286,87,1138.8069999218,12,86.5788,86.57799983025006,TRUE
2017-11-10T03:13:50Z,5268,47.64,55.169,56,1191.13100004196,13,52.3236,52.32400012016001,TRUE
2017-11-10T03:13:50Z,5268,84.413,100.262,70,1279.00099992752,14,87.87,87.86999988555999,TRUE
2017-11-10T03:13:50Z,5268,40.7,110.896,71,1353.83899998665,15,74.83840000000001,74.83800005912985,TRUE
2017-11-10T03:13:50Z,5268,49.162,32.313,60,1398.42899990082,16,44.59,44.589999914169994,TRUE
2017-11-10T03:13:50Z,5268,94.396,96,85,1491.58699989319,17,93.1584,93.15799999237015,TRUE
2017-11-10T03:13:50Z,5268,49.878,64,94,1555.93799996376,18,64.3512,64.35100007056985,TRUE
2017-11-10T03:13:50Z,5268,85.635,85.72,86,1641.68000006676,19,85.742,85.74200010300001,TRUE
2017-11-10T03:13:50Z,5268,91.353,96,91,1734.82100009918,20,93.14120000000001,93.14100003242015,TRUE
2017-11-10T03:13:51Z,2598,110.007,1151,35,394.509999990463,1,511.40280000000007,NA,NA
2017-11-10T03:13:51Z,2598,64,64,80,1403.97499990463,NA,67.2,1009.464999914167,FALSE
2017-11-10T03:13:51Z,2598,81.284,74.976,69,1480.27900004387,NA,76.304,76.30400013923986,TRUE
2017-11-10T03:13:51Z,2598,40.117,32,42,1517.52600002289,NA,37.2468,37.246999979020075,TRUE
2017-11-10T03:13:51Z,2598,45.407,33,41,1557.08899998665,NA,39.5628,39.56299996375992,TRUE
2017-11-10T03:13:51Z,2598,38.764,62,36,1604.59500002861,NA,47.5056,47.50600004196008,TRUE
2017-11-10T03:13:51Z,2598,96,95,84,1697.79500007629,NA,93.2,93.20000004768008,TRUE
2017-11-10T03:13:51Z,2598,64,99.22,85,1780.08299994469,NA,82.28800000000001,82.2879998684,TRUE
2017-11-10T03:13:51Z,2598,86.591,96,55,1864.11899995804,NA,84.03640000000001,84.03600001334985,TRUE
2017-11-10T03:13:51Z,2598,57.823,76.12,46,1926.89599990845,NA,62.77720000000001,62.77699995041007,TRUE
2017-11-10T03:13:51Z,2598,39.626,50.332,47,1972.27900004387,NA,45.3832,45.383000135419934,TRUE
2017-11-10T03:13:51Z,2598,64,68.948,38,2033.05800008774,NA,60.7792,60.779000043870155,TRUE
2017-11-10T03:13:51Z,2598,57.383,119.069,69,2117.43899989128,NA,84.38080000000001,84.38099980354013,TRUE
2017-11-10T03:13:51Z,2598,32,23.524,28,2145.24900007248,NA,27.809600000000003,27.81000018119994,TRUE
2017-11-10T03:13:51Z,2598,36.722,34.931,40,2181.91000008583,NA,36.6612,36.66100001334962,TRUE
2017-11-10T03:13:51Z,2598,63.14,59.355,78,2246.507999897,NA,64.59800000000001,64.59799981117021,TRUE
2017-11-10T03:13:51Z,2598,64,64,65,2310.70799994469,NA,64.2,64.20000004769008,TRUE
2017-11-10T03:13:51Z,2598,95,95,60,2398.70799994469,NA,88,88,TRUE
2017-11-10T03:13:51Z,4871,128.969,139.663,40,13.8539998531342,1,115.45280000000001,NA,NA
2017-11-10T03:13:51Z,4871,40.48,84.272,100,83.7549998760223,2,69.9008,69.9010000228881,TRUE
2017-11-10T03:13:51Z,4871,23.3,38.373,55,119.423999786377,3,35.669200000000004,35.6689999103547,TRUE
2017-11-10T03:13:51Z,4871,64,41.391,29,167.379999876022,4,47.9564,47.956000089645,TRUE
2017-11-10T03:13:51Z,4871,24.736,20.521,56,196.681999921799,5,29.302800000000005,29.302000045776992,TRUE
2017-11-10T03:13:51Z,4871,33.311,42.479,47,236.398000001907,6,39.716,39.71600008010802,TRUE
2017-11-10T03:13:51Z,4871,91.116,55.278,63,307.554999828339,7,71.1576,71.15699982643201,TRUE
2017-11-10T03:13:51Z,4871,61.985,55.607,70,368.591999769211,8,61.0368,61.036999940871965,TRUE
2017-11-10T03:13:51Z,4871,62,63,36,425.791999816895,9,57.2,57.200000047684,TRUE
2017-11-10T03:13:51Z,7701,94.065,93.406,136,76.6399998664856,1,102.1884,NA,NA
2017-11-10T03:13:51Z,7701,92.915,93.31,39,158.929999828339,2,82.29,82.2899999618534,TRUE
2017-11-10T03:13:51Z,7701,62.789,56.478,94,225.436999797821,3,66.5068,66.506999969482,TRUE
2017-11-10T03:13:51Z,7701,16.88,14.855,38,245.730999946594,4,20.294,20.294000148773023,TRUE
2017-11-10T03:13:51Z,7701,38.981,58.834,78,300.456999778748,5,54.726000000000006,54.725999832154,TRUE
2017-11-10T03:13:51Z,7701,62.66,29.843,50,347.457999944687,6,47.0012,47.00100016593899,TRUE
2017-11-10T03:13:51Z,7701,31.846,64.251,41,394.095999956131,7,46.6388,46.63800001144398,TRUE
2017-11-10T03:13:51Z,7701,62.459,32.29,64,444.796000003815,8,50.699600000000004,50.700000047684,TRUE
2017-11-10T03:13:51Z,7701,113.728,95.695,32,534.964999914169,9,90.1692,90.16899991035399,TRUE
2017-11-10T03:13:51Z,7701,62.285,63.151,68,598.738999843597,10,63.77440000000001,63.77399992942799,TRUE
2017-11-10T03:13:51Z,7701,82.075,93.341,80,684.90499997139,11,86.16640000000001,86.16600012779304,TRUE
2017-11-10T03:13:51Z,7701,43.909,82.12,51,745.516999959946,12,60.61160000000001,60.61199998855602,TRUE
2017-11-10T03:13:51Z,7701,77.748,78.42,121,832.18399977684,13,86.66720000000001,86.66699981689396,TRUE
2017-11-10T03:13:51Z,7701,82.412,96.691,85,920.824999809265,14,88.6412,88.64100003242504,TRUE
2017-11-10T03:13:51Z,7701,61.998,42.541,25,967.639999866486,15,46.8156,46.81500005722103,TRUE
2017-11-10T03:13:51Z,7701,95.054,96.509,106,1065.46599984169,16,97.82520000000001,97.82599997520401,TRUE
2017-11-10T03:13:51Z,7701,92.9,85.236,88,1154.31999993324,17,88.8544,88.85400009155,TRUE
2017-11-10T03:13:51Z,7701,81.783,87.431,70,1236.00499987602,18,81.6856,81.68499994278,TRUE
2017-11-10T03:13:51Z,7701,38.946,37.593,54,1277.41999983788,19,41.4156,41.41499996185985,TRUE
2017-11-10T03:13:51Z,7701,58.363,72.263,21,1333.86999988556,20,56.45040000000001,56.45000004768008,TRUE
2017-11-10T03:13:52Z,6654,72.682,48.434,91,43.9430000782013,1,66.6464,NA,NA
2017-11-10T03:13:52Z,6654,79.168,95,97,133.009999990463,2,89.06720000000001,89.066999912261707,TRUE
