vehicle,timestamp,route,historical,recent,schedule,hist_cum,rece_cum,sche_cum,predicted_t,measured_t,residual,abs_residual,stop_gtfs_seq,predicted_bins,phase,direction,dist_covered,dist_from_origin,total_trip_dist,depot,is_express,is_invalid,shape,stop_id,block,service_date,predicted_arrival,tail_stop_arr_time,cpred,pred,delta
5787,2017-11-10T03:32:21Z,MTA NYCT_BX2,61.83,63.008,66,151.373,178.056,248.001,173.324,104.911,-68.413,68.413,4,2--4,in_progress,1,117.15,1080.1,11217.45,KB,TRUE,FALSE,MTA_BX020035,MTA_103595,MTA NYCT_KB_D7-Weekday-SDon_E_KB_50160_BX2-225,2017-11-09T05:00:00Z,2017-11-10T03:35:15Z,2017-11-10T03:34:06Z,181.3718,173.324,8.047799999999995
5787,2017-11-10T03:32:21Z,MTA NYCT_BX2,74.515,94.457,86,225.888,272.513,334.001,258.113,157.765,-100.348,100.348,5,4--6,in_progress,1,117.15,1468.97,11217.45,KB,TRUE,FALSE,MTA_BX020035,MTA_103704,MTA NYCT_KB_D7-Weekday-SDon_E_KB_50160_BX2-225,2017-11-09T05:00:00Z,2017-11-10T03:36:39Z,2017-11-10T03:34:59Z,266.16060000000004,258.113,8.047600000000045
5787,2017-11-10T03:32:21Z,MTA NYCT_BX2,62.845,63.47,33,288.733,335.983,367.001,315.239,220.154,-95.085,95.085,6,4--6,in_progress,1,117.15,1617.35,11217.45,KB,TRUE,FALSE,MTA_BX020035,MTA_103912,MTA NYCT_KB_D7-Weekday-SDon_E_KB_50160_BX2-225,2017-11-09T05:00:00Z,2017-11-10T03:37:37Z,2017-11-10T03:36:01Z,323.2866,315.239,8.047600000000045
5787,2017-11-10T03:32:21Z,MTA NYCT_BX2,126.282,136.618,73,415.015,472.601,440.001,434.999,345.539,-89.46,89.46,7,6--10,in_progress,1,117.15,1885.67,11217.45,KB,TRUE,FALSE,MTA_BX020035,MTA_100096,MTA NYCT_KB_D7-Weekday-SDon_E_KB_50160_BX2-225,2017-11-09T05:00:00Z,2017-11-10T03:39:36Z,2017-11-10T03:38:07Z,443.0466,434.999,8.047599999999989
5787,2017-11-10T03:32:21Z,MTA NYCT_BX2,56.86,53.202,85,471.875,525.803,525.001,496.024,407.35,-88.674,88.674,8,6--10,in_progress,1,117.15,2199.69,11217.45,KB,TRUE,FALSE,MTA_BX020035,MTA_103722,MTA NYCT_KB_D7-Weekday-SDon_E_KB_50160_BX2-225,2017-11-09T05:00:00Z,2017-11-10T03:40:37Z,2017-11-10T03:39:09Z,504.0714,496.024,8.047399999999982
5787,2017-11-10T03:32:21Z,MTA NYCT_BX2,98.136,105.035,81,570.011,630.838,606.001,593.492,500.84,-92.652,92.652,9,6--10,in_progress,1,117.15,2499.31,11217.45,KB,TRUE,FALSE,MTA_BX020035,MTA_100098,MTA NYCT_KB_D7-Weekday-SDon_E_KB_50160_BX2-225,2017-11-09T05:00:00Z,2017-11-10T03:42:15Z,2017-11-10T03:40:42Z,601.5398,593.492,8.047800000000052
5787,2017-11-10T03:32:21Z,MTA NYCT_BX2,62.059,62.06,71,632.0699999999999,692.898,677.001,657.34,557.372,-99.968,99.968,10,10--15,in_progress,1,117.15,2761.77,11217.45,KB,TRUE,FALSE,MTA_BX020035,MTA_103017,MTA NYCT_KB_D7-Weekday-SDon_E_KB_50160_BX2-225,2017-11-09T05:00:00Z,2017-11-10T03:43:19Z,2017-11-10T03:41:39Z,665.3874000000001,657.34,8.047400000000039
5787,2017-11-10T03:32:21Z,MTA NYCT_BX2,62.457,62.31,88,694.527,755.208,765.001,724.847,594.695,-130.152,130.152,11,10--15,in_progress,1,117.15,3088.08,11217.45,KB,TRUE,FALSE,MTA_BX020035,MTA_100100,MTA NYCT_KB_D7-Weekday-SDon_E_KB_50160_BX2-225,2017-11-09T05:00:00Z,2017-11-10T03:44:26Z,2017-11-10T03:42:16Z,732.8942,724.847,8.047199999999975
5787,2017-11-10T03:32:21Z,MTA NYCT_BX2,119.879,125.141,79,814.406,880.349,844.001,838.655,728.403,-110.252,110.252,12,10--15,in_progress,1,117.15,3379.78,11217.45,KB,TRUE,FALSE,MTA_BX020035,MTA_100101,MTA NYCT_KB_D7-Weekday-SDon_E_KB_50160_BX2-225,2017-11-09T05:00:00Z,2017-11-10T03:46:20Z,2017-11-10T03:44:30Z,846.7022000000001,838.655,8.047200000000089
5787,2017-11-10T03:32:21Z,MTA NYCT_BX2,50.148,62.306,63,864.554,942.655,907.001,896.236,751.675,-144.561,144.561,13,10--15,in_progress,1,117.15,3610.55,11217.45,KB,TRUE,FALSE,MTA_BX020035,MTA_100102,MTA NYCT_KB_D7-Weekday-SDon_E_KB_50160_BX2-225,2017-11-09T05:00:00Z,2017-11-10T03:47:18Z,2017-11-10T03:44:53Z,904.2838,896.236,8.047800000000052
5787,2017-11-10T03:32:21Z,MTA NYCT_BX2,62.435,50.152,60,926.989,992.807,967.001,953.271,784.245,-169.026,169.026,14,15--20,in_progress,1,117.15,3834.03,11217.45,KB,TRUE,FALSE,MTA_BX020035,MTA_100103,MTA NYCT_KB_D7-Weekday-SDon_E_KB_50160_BX2-225,2017-11-09T05:00:00Z,2017-11-10T03:48:15Z,2017-11-10T03:45:26Z,961.3186000000001,953.271,8.047600000000102
5787,2017-11-10T03:32:21Z,MTA NYCT_BX2,90.975,110.817,79,1017.9639999999999,1103.624,1046.001,1049.788,815.334,-234.454,234.454,15,15--20,in_progress,1,117.15,4076.2,11217.45,KB,TRUE,FALSE,MTA_BX020035,MTA_104061,MTA NYCT_KB_D7-Weekday-SDon_E_KB_50160_BX2-225,2017-11-09T05:00:00Z,2017-11-10T03:49:51Z,2017-11-10T03:45:57Z,1057.8354,1049.788,8.047399999999925
5787,2017-11-10T03:32:21Z,MTA NYCT_BX2,43.119,62.945,68,1061.083,1166.569,1114.001,1105.814,909.475,-196.339,196.339,16,15--20,in_progress,1,117.15,4287.38,11217.45,KB,TRUE,FALSE,MTA_BX020035,MTA_104050,MTA NYCT_KB_D7-Weekday-SDon_E_KB_50160_BX2-225,2017-11-09T05:00:00Z,2017-11-10T03:50:47Z,2017-11-10T03:47:31Z,1113.861,1105.814,8.047000000000025
5787,2017-11-10T03:32:21Z,MTA NYCT_BX2,124.22,94.8,105,1185.3029999999999,1261.369,1219.001,1214.422,1090.121,-124.301,124.301,17,20+,in_progress,1,117.15,4612.25,11217.45,KB,TRUE,FALSE,MTA_BX020035,MTA_100107,MTA NYCT_KB_D7-Weekday-SDon_E_KB_50160_BX2-225,2017-11-09T05:00:00Z,2017-11-10T03:52:36Z,2017-11-10T03:50:31Z,1222.469,1214.422,8.047000000000025
5787,2017-11-10T03:32:21Z,MTA NYCT_BX2,63.682,95,65,1248.985,1356.369,1284.001,1290.895,1128.305,-162.59,162.59,18,20+,in_progress,1,117.15,4811.91,11217.45,KB,TRUE,FALSE,MTA_BX020035,MTA_100108,MTA NYCT_KB_D7-Weekday-SDon_E_KB_50160_BX2-225,2017-11-09T05:00:00Z,2017-11-10T03:53:52Z,2017-11-10T03:51:10Z,1298.9418,1290.895,8.046800000000076
5787,2017-11-10T03:32:21Z,MTA NYCT_BX2,63.832,94.836,68,1312.817,1451.205,1352.001,1367.962,1221.509,-146.453,146.453,19,20+,in_progress,1,117.15,5023.22,11217.45,KB,TRUE,FALSE,MTA_BX020035,MTA_100109,MTA NYCT_KB_D7-Weekday-SDon_E_KB_50160_BX2-225,2017-11-09T05:00:00Z,2017-11-10T03:55:09Z,2017-11-10T03:52:43Z,1376.009,1367.962,8.047000000000025
5787,2017-11-10T03:32:21Z,MTA NYCT_BX2,76.162,95.16,60,1388.979,1546.365,1412.001,1448.491,1315.324,-133.167,133.167,20,20+,in_progress,1,117.15,5206.23,11217.45,KB,TRUE,FALSE,MTA_BX020035,MTA_100110,MTA NYCT_KB_D7-Weekday-SDon_E_KB_50160_BX2-225,2017-11-09T05:00:00Z,2017-11-10T03:56:30Z,2017-11-10T03:54:17Z,1456.5378,1448.491,8.046800000000076
5787,2017-11-10T03:32:53Z,MTA NYCT_BX2,61.83,63.008,66,151.373,178.056,248.001,173.324,73.666,-99.658,99.658,4,2--4,in_progress,1,117.15,1080.1,11217.45,KB,TRUE,FALSE,MTA_BX020035,MTA_103595,MTA NYCT_KB_D7-Weekday-SDon_E_KB_50160_BX2-225,2017-11-09T05:00:00Z,2017-11-10T03:35:46Z,2017-11-10T03:34:06Z,181.3718,173.324,8.047799999999995
5787,2017-11-10T03:32:53Z,MTA NYCT_BX2,74.515,94.457,86,225.888,272.513,334.001,258.113,126.52,-131.593,131.593,5,4--6,in_progress,1,117.15,1468.97,11217.45,KB,TRUE,FALSE,MTA_BX020035,MTA_103704,MTA NYCT_KB_D7-Weekday-SDon_E_KB_50160_BX2-225,2017-11-09T05:00:00Z,2017-11-10T03:37:11Z,2017-11-10T03:34:59Z,266.16060000000004,258.113,8.047600000000045
5787,2017-11-10T03:32:53Z,MTA NYCT_BX2,62.845,63.47,33,288.733,335.983,367.001,315.239,188.909,-126.33,126.33,6,4--6,in_progress,1,117.15,1617.35,11217.45,KB,TRUE,FALSE,MTA_BX020035,MTA_103912,MTA NYCT_KB_D7-Weekday-SDon_E_KB_50160_BX2-225,2017-11-09T05:00:00Z,2017-11-10T03:38:08Z,2017-11-10T03:36:01Z,323.2866,315.239,8.047600000000045
5787,2017-11-10T03:32:53Z,MTA NYCT_BX2,126.282,136.618,73,415.015,472.601,440.001,434.999,314.294,-120.705,120.705,7,6--10,in_progress,1,117.15,1885.67,11217.45,KB,TRUE,FALSE,MTA_BX020035,MTA_100096,MTA NYCT_KB_D7-Weekday-SDon_E_KB_50160_BX2-225,2017-11-09T05:00:00Z,2017-11-10T03:40:08Z,2017-11-10T03:38:07Z,443.0466,434.999,8.047599999999989
5787,2017-11-10T03:32:53Z,MTA NYCT_BX2,56.86,53.202,85,471.875,525.803,525.001,496.024,376.105,-119.919,119.919,8,6--10,in_progress,1,117.15,2199.69,11217.45,KB,TRUE,FALSE,MTA_BX020035,MTA_103722,MTA NYCT_KB_D7-Weekday-SDon_E_KB_50160_BX2-225,2017-11-09T05:00:00Z,2017-11-10T03:41:09Z,2017-11-10T03:39:09Z,504.0714,496.024,8.047399999999982
5787,2017-11-10T03:32:53Z,MTA NYCT_BX2,98.136,105.035,81,570.011,630.838,606.001,593.492,469.595,-123.897,123.897,9,6--10,in_progress,1,117.15,2499.31,11217.45,KB,TRUE,FALSE,MTA_BX020035,MTA_100098,MTA NYCT_KB_D7-Weekday-SDon_E_KB_50160_BX2-225,2017-11-09T05:00:00Z,2017-11-10T03:42:46Z,2017-11-10T03:40:42Z,601.5398,593.492,8.047800000000052
5787,2017-11-10T03:32:53Z,MTA NYCT_BX2,62.059,62.06,71,632.0699999999999,692.898,677.001,657.34,526.127,-131.213,131.213,10,10--15,in_progress,1,117.15,2761.77,11217.45,KB,TRUE,FALSE,MTA_BX020035,MTA_103017,MTA NYCT_KB_D7-Weekday-SDon_E_KB_50160_BX2-225,2017-11-09T05:00:00Z,2017-11-10T03:43:50Z,2017-11-10T03:41:39Z,665.3874000000001,657.34,8.047400000000039
5787,2017-11-10T03:32:53Z,MTA NYCT_BX2,62.457,62.31,88,694.527,755.208,765.001,724.847,563.45,-161.397,161.397,11,10--15,in_progress,1,117.15,3088.08,11217.45,KB,TRUE,FALSE,MTA_BX020035,MTA_100100,MTA NYCT_KB_D7-Weekday-SDon_E_KB_50160_BX2-225,2017-11-09T05:00:00Z,2017-11-10T03:44:57Z,2017-11-10T03:42:16Z,732.8942,724.847,8.047199999999975
5787,2017-11-10T03:32:53Z,MTA NYCT_BX2,119.879,125.141,79,814.406,880.349,844.001,838.655,697.158,-141.497,141.497,12,10--15,in_progress,1,117.15,3379.78,11217.45,KB,TRUE,FALSE,MTA_BX020035,MTA_100101,MTA NYCT_KB_D7-Weekday-SDon_E_KB_50160_BX2-225,2017-11-09T05:00:00Z,2017-11-10T03:46:51Z,2017-11-10T03:44:30Z,846.7022000000001,838.655,8.047200000000089
5787,2017-11-10T03:32:53Z,MTA NYCT_BX2,50.148,62.306,63,864.554,942.655,907.001,896.236,720.43,-175.806,175.806,13,10--15,in_progress,1,117.15,3610.55,11217.45,KB,TRUE,FALSE,MTA_BX020035,MTA_100102,MTA NYCT_KB_D7-Weekday-SDon_E_KB_50160_BX2-225,2017-11-09T05:00:00Z,2017-11-10T03:47:49Z,2017-11-10T03:44:53Z,904.2838,896.236,8.047800000000052
5787,2017-11-10T03:32:53Z,MTA NYCT_BX2,62.435,50.152,60,926.989,992.807,967.001,953.271,753,-200.271,200.271,14,15--20,in_progress,1,117.15,3834.03,11217.45,KB,TRUE,FALSE,MTA_BX020035,MTA_100103,MTA NYCT_KB_D7-Weekday-SDon_E_KB_50160_BX2-225,2017-11-09T05:00:00Z,2017-11-10T03:48:46Z,2017-11-10T03:45:26Z,961.3186000000001,953.271,8.047600000000102
5787,2017-11-10T03:32:53Z,MTA NYCT_BX2,90.975,110.817,79,1017.9639999999999,1103.624,1046.001,1049.788,784.089,-265.699,265.699,15,15--20,in_progress,1,117.15,4076.2,11217.45,KB,TRUE,FALSE,MTA_BX020035,MTA_104061,MTA NYCT_KB_D7-Weekday-SDon_E_KB_50160_BX2-225,2017-11-09T05:00:00Z,2017-11-10T03:50:22Z,2017-11-10T03:45:57Z,1057.8354,1049.788,8.047399999999925
5787,2017-11-10T03:32:53Z,MTA NYCT_BX2,43.119,62.945,68,1061.083,1166.569,1114.001,1105.814,878.23,-227.584,227.584,16,15--20,in_progress,1,117.15,4287.38,11217.45,KB,TRUE,FALSE,MTA_BX020035,MTA_104050,MTA NYCT_KB_D7-Weekday-SDon_E_KB_50160_BX2-225,2017-11-09T05:00:00Z,2017-11-10T03:51:18Z,2017-11-10T03:47:31Z,1113.861,1105.814,8.047000000000025
5787,2017-11-10T03:32:53Z,MTA NYCT_BX2,124.22,94.8,105,1185.3029999999999,1261.369,1219.001,1214.422,1058.876,-155.546,155.546,17,20+,in_progress,1,117.15,4612.25,11217.45,KB,TRUE,FALSE,MTA_BX020035,MTA_100107,MTA NYCT_KB_D7-Weekday-SDon_E_KB_50160_BX2-225,2017-11-09T05:00:00Z,2017-11-10T03:53:07Z,2017-11-10T03:50:31Z,1222.469,1214.422,8.047000000000025
5787,2017-11-10T03:32:53Z,MTA NYCT_BX2,63.682,95,65,1248.985,1356.369,1284.001,1290.895,1097.06,-193.835,193.835,18,20+,in_progress,1,117.15,4811.91,11217.45,KB,TRUE,FALSE,MTA_BX020035,MTA_100108,MTA NYCT_KB_D7-Weekday-SDon_E_KB_50160_BX2-225,2017-11-09T05:00:00Z,2017-11-10T03:54:23Z,2017-11-10T03:51:10Z,1298.9418,1290.895,8.046800000000076
5787,2017-11-10T03:32:53Z,MTA NYCT_BX2,63.832,94.836,68,1312.817,1451.205,1352.001,1367.962,1190.264,-177.698,177.698,19,20+,in_progress,1,117.15,5023.22,11217.45,KB,TRUE,FALSE,MTA_BX020035,MTA_100109,MTA NYCT_KB_D7-Weekday-SDon_E_KB_50160_BX2-225,2017-11-09T05:00:00Z,2017-11-10T03:55:40Z,2017-11-10T03:52:43Z,1376.009,1367.962,8.047000000000025
5787,2017-11-10T03:32:53Z,MTA NYCT_BX2,76.162,95.16,60,1388.979,1546.365,1412.001,1448.491,1284.079,-164.412,164.412,20,20+,in_progress,1,117.15,5206.23,11217.45,KB,TRUE,FALSE,MTA_BX020035,MTA_100110,MTA NYCT_KB_D7-Weekday-SDon_E_KB_50160_BX2-225,2017-11-09T05:00:00Z,2017-11-10T03:57:01Z,2017-11-10T03:54:17Z,1456.5378,1448.491,8.046800000000076
7797,2017-11-10T11:29:09Z,MTA NYCT_BX36,63,62.095,86,268.281,282.182,287.999,231.064,223.616,-7.448,7.448,4,2--4,in_progress,1,400.96,1162.39,6648.4,WF,TRUE,FALSE,MTA_BX360218,MTA_103897,MTA NYCT_WF_D7-Weekday_C_WF_22920_BX36-125,2017-11-10T05:00:00Z,2017-11-10T11:33:00Z,2017-11-10T11:32:53Z,277.785,231.064,46.72100000000003
7797,2017-11-10T11:29:09Z,MTA NYCT_BX36,62.74,62.05,85,331.021,344.23199999999997,372.999,297.98,285.976,-12.004,12.004,5,4--6,in_progress,1,400.96,1375.95,6648.4,WF,TRUE,FALSE,MTA_BX360218,MTA_102437,MTA NYCT_WF_D7-Weekday_C_WF_22920_BX36-125,2017-11-10T05:00:00Z,2017-11-10T11:34:07Z,2017-11-10T11:33:55Z,344.701,297.98,46.721000000000004
7797,2017-11-10T11:29:09Z,MTA NYCT_BX36,96,82.302,109,427.021,426.534,481.999,391.101,379.901,-11.2,11.2,6,6--10,in_progress,1,400.96,1647.66,6648.4,WF,TRUE,FALSE,MTA_BX360218,MTA_102439,MTA NYCT_WF_D7-Weekday_C_WF_22920_BX36-125,2017-11-10T05:00:00Z,2017-11-10T11:35:40Z,2017-11-10T11:35:29Z,437.82180000000005,391.101,46.720800000000054
7797,2017-11-10T11:29:09Z,MTA NYCT_BX36,62.003,73.528,81,489.024,500.062,562.999,461.513,508.171,46.658,46.658,7,6--10,in_progress,1,400.96,1849.98,6648.4,WF,TRUE,FALSE,MTA_BX360218,MTA_102440,MTA NYCT_WF_D7-Weekday_C_WF_22920_BX36-125,2017-11-10T05:00:00Z,2017-11-10T11:36:51Z,2017-11-10T11:37:38Z,508.23420000000004,461.513,46.72120000000007
7797,2017-11-10T11:29:09Z,MTA NYCT_BX36,97.031,64,61,586.0550000000001,564.062,623.999,538.125,626.733,88.608,88.608,8,6--10,in_progress,1,400.96,2001.47,6648.4,WF,TRUE,FALSE,MTA_BX360218,MTA_102441,MTA NYCT_WF_D7-Weekday_C_WF_22920_BX36-125,2017-11-10T05:00:00Z,2017-11-10T11:38:07Z,2017-11-10T11:39:36Z,584.8466000000001,538.125,46.72160000000008
7797,2017-11-10T11:29:09Z,MTA NYCT_BX36,156.449,156.045,149,742.504,720.107,772.999,692.923,698.348,5.425,5.425,9,10--15,in_progress,1,400.96,2375.88,6648.4,WF,TRUE,FALSE,MTA_BX360218,MTA_102811,MTA NYCT_WF_D7-Weekday_C_WF_22920_BX36-125,2017-11-10T05:00:00Z,2017-11-10T11:40:42Z,2017-11-10T11:40:48Z,739.6442,692.923,46.72119999999995
7797,2017-11-10T11:29:09Z,MTA NYCT_BX36,136.932,126,151,879.436,846.107,923.999,828.296,872.933,44.637,44.637,10,10--15,in_progress,1,400.96,2752.63,6648.4,WF,TRUE,FALSE,MTA_BX360218,MTA_802162,MTA NYCT_WF_D7-Weekday_C_WF_22920_BX36-125,2017-11-10T05:00:00Z,2017-11-10T11:42:58Z,2017-11-10T11:43:42Z,875.017,828.296,46.721000000000004
7797,2017-11-10T11:29:09Z,MTA NYCT_BX36,31.075,32.39,60,986.236,953.538,1101.999,949.588,1014.201,64.613,64.613,12,15--20,in_progress,1,400.96,3245.66,6648.4,WF,TRUE,FALSE,MTA_BX360218,MTA_102447,MTA NYCT_WF_D7-Weekday_C_WF_22920_BX36-125,2017-11-10T05:00:00Z,2017-11-10T11:44:59Z,2017-11-10T11:46:04Z,996.3094000000001,949.588,46.72140000000013
7797,2017-11-10T11:29:09Z,MTA NYCT_BX36,93.735,158.03,34,1079.971,1111.568,1135.999,1057.094,1125.415,68.321,68.321,13,15--20,in_progress,1,400.96,3341.12,6648.4,WF,TRUE,FALSE,MTA_BX360218,MTA_102448,MTA NYCT_WF_D7-Weekday_C_WF_22920_BX36-125,2017-11-10T05:00:00Z,2017-11-10T11:46:46Z,2017-11-10T11:47:55Z,1103.8154000000002,1057.094,46.72140000000013
7797,2017-11-10T11:29:09Z,MTA NYCT_BX36,31.759,26.528,51,1111.73,1138.096,1186.999,1090.609,1171.611,81.002,81.002,14,15--20,in_progress,1,400.96,3482.42,6648.4,WF,TRUE,FALSE,MTA_BX360218,MTA_102449,MTA NYCT_WF_D7-Weekday_C_WF_22920_BX36-125,2017-11-10T05:00:00Z,2017-11-10T11:47:20Z,2017-11-10T11:48:41Z,1137.3301999999999,1090.609,46.72119999999995
7797,2017-11-10T11:29:09Z,MTA NYCT_BX36,100.051,92.913,88,1211.781,1231.009,1274.999,1185.394,1266.177,80.783,80.783,15,15--20,in_progress,1,400.96,3728.55,6648.4,WF,TRUE,FALSE,MTA_BX360218,MTA_102450,MTA NYCT_WF_D7-Weekday_C_WF_22920_BX36-125,2017-11-10T05:00:00Z,2017-11-10T11:48:55Z,2017-11-10T11:50:16Z,1232.1158,1185.394,46.72180000000003
7797,2017-11-10T11:29:09Z,MTA NYCT_BX36,62.865,58.929,105,1274.646,1289.938,1379.999,1255.112,1314.269,59.157,59.157,16,20+,in_progress,1,400.96,4021.86,6648.4,WF,TRUE,FALSE,MTA_BX360218,MTA_102451,MTA NYCT_WF_D7-Weekday_C_WF_22920_BX36-125,2017-11-10T05:00:00Z,2017-11-10T11:50:04Z,2017-11-10T11:51:04Z,1301.8334000000002,1255.112,46.72140000000013
7797,2017-11-10T11:29:09Z,MTA NYCT_BX36,34.131,39.035,52,1308.777,1328.973,1431.999,1294.778,1330.316,35.538,35.538,17,20+,in_progress,1,400.96,4167.2,6648.4,WF,TRUE,FALSE,MTA_BX360218,MTA_102452,MTA NYCT_WF_D7-Weekday_C_WF_22920_BX36-125,2017-11-10T05:00:00Z,2017-11-10T11:50:44Z,2017-11-10T11:51:20Z,1341.4998,1294.778,46.72180000000003
7797,2017-11-10T11:29:09Z,MTA NYCT_BX36,44.058,31.668,44,1352.835,1360.641,1475.999,1333.868,1392.646,58.778,58.778,18,20+,in_progress,1,400.96,4289.63,6648.4,WF,TRUE,FALSE,MTA_BX360218,MTA_102453,MTA NYCT_WF_D7-Weekday_C_WF_22920_BX36-125,2017-11-10T05:00:00Z,2017-11-10T11:51:23Z,2017-11-10T11:52:22Z,1380.5902000000003,1333.868,46.722200000000385
7797,2017-11-10T11:29:09Z,MTA NYCT_BX36,65,34.12,29,1417.835,1394.761,1504.999,1379.316,1485.851,106.535,106.535,19,20+,in_progress,1,400.96,4369.23,6648.4,WF,TRUE,FALSE,MTA_BX360218,MTA_100195,MTA NYCT_WF_D7-Weekday_C_WF_22920_BX36-125,2017-11-10T05:00:00Z,2017-11-10T11:52:09Z,2017-11-10T11:53:55Z,1426.0382,1379.316,46.72219999999993
7797,2017-11-10T11:29:09Z,MTA NYCT_BX36,93.175,65,88,1511.01,1459.761,1592.999,1460.186,1516.977,56.791,56.791,20,20+,in_progress,1,400.96,4614.28,6648.4,WF,TRUE,FALSE,MTA_BX360218,MTA_100197,MTA NYCT_WF_D7-Weekday_C_WF_22920_BX36-125,2017-11-10T05:00:00Z,2017-11-10T11:53:30Z,2017-11-10T11:54:26Z,1506.9081999999999,1460.186,46.72219999999993
7797,2017-11-10T11:29:41Z,MTA NYCT_BX36,63,62.095,86,253.763,266.041,272.999,215.799,192.445,-23.354,23.354,4,2--4,in_progress,1,460.3,1162.39,6648.4,WF,TRUE,FALSE,MTA_BX360218,MTA_103897,MTA NYCT_WF_D7-Weekday_C_WF_22920_BX36-125,2017-11-10T05:00:00Z,2017-11-10T11:33:16Z,2017-11-10T11:32:53Z,262.5214,215.799,46.72240000000002
7797,2017-11-10T11:29:41Z,MTA NYCT_BX36,62.74,62.05,85,316.503,328.091,357.999,282.715,254.805,-27.91,27.91,5,4--6,in_progress,1,460.3,1375.95,6648.4,WF,TRUE,FALSE,MTA_BX360218,MTA_102437,MTA NYCT_WF_D7-Weekday_C_WF_22920_BX36-125,2017-11-10T05:00:00Z,2017-11-10T11:34:23Z,2017-11-10T11:33:55Z,329.4374,282.715,46.72240000000005
7797,2017-11-10T11:29:41Z,MTA NYCT_BX36,96,82.302,109,412.503,410.39300000000003,466.999,375.836,348.73,-27.106,27.106,6,6--10,in_progress,1,460.3,1647.66,6648.4,WF,TRUE,FALSE,MTA_BX360218,MTA_102439,MTA NYCT_WF_D7-Weekday_C_WF_22920_BX36-125,2017-11-10T05:00:00Z,2017-11-10T11:35:56Z,2017-11-10T11:35:29Z,422.55820000000006,375.836,46.72220000000004
7797,2017-11-10T11:29:41Z,MTA NYCT_BX36,62.003,73.528,81,474.506,483.921,547.999,446.248,477,30.752,30.752,7,6--10,in_progress,1,460.3,1849.98,6648.4,WF,TRUE,FALSE,MTA_BX360218,MTA_102440,MTA NYCT_WF_D7-Weekday_C_WF_22920_BX36-125,2017-11-10T05:00:00Z,2017-11-10T11:37:07Z,2017-11-10T11:37:38Z,492.97060000000005,446.248,46.72260000000006
7797,2017-11-10T11:29:41Z,MTA NYCT_BX36,97.031,94.02,61,571.537,577.941,608.999,534.868,595.562,60.694,60.694,8,6--10,in_progress,1,460.3,2001.47,6648.4,WF,TRUE,FALSE,MTA_BX360218,MTA_102441,MTA NYCT_WF_D7-Weekday_C_WF_22920_BX36-125,2017-11-10T05:00:00Z,2017-11-10T11:38:35Z,2017-11-10T11:39:36Z,581.5910000000001,534.868,46.72300000000007
7797,2017-11-10T11:29:41Z,MTA NYCT_BX36,156.449,156.045,149,727.986,733.986,757.999,689.666,667.177,-22.489,22.489,9,10--15,in_progress,1,460.3,2375.88,6648.4,WF,TRUE,FALSE,MTA_BX360218,MTA_102811,MTA NYCT_WF_D7-Weekday_C_WF_22920_BX36-125,2017-11-10T05:00:00Z,2017-11-10T11:41:10Z,2017-11-10T11:40:48Z,736.3886,689.666,46.72259999999994
7797,2017-11-10T11:29:41Z,MTA NYCT_BX36,136.932,126,151,864.918,859.986,908.999,825.039,841.762,16.723,16.723,10,10--15,in_progress,1,460.3,2752.63,6648.4,WF,TRUE,FALSE,MTA_BX360218,MTA_802162,MTA NYCT_WF_D7-Weekday_C_WF_22920_BX36-125,2017-11-10T05:00:00Z,2017-11-10T11:43:26Z,2017-11-10T11:43:42Z,871.7614000000001,825.039,46.72240000000011
7797,2017-11-10T11:29:41Z,MTA NYCT_BX36,31.075,32.39,60,971.718,967.417,1086.999,946.331,983.03,36.699,36.699,12,15--20,in_progress,1,460.3,3245.66,6648.4,WF,TRUE,FALSE,MTA_BX360218,MTA_102447,MTA NYCT_WF_D7-Weekday_C_WF_22920_BX36-125,2017-11-10T05:00:00Z,2017-11-10T11:45:27Z,2017-11-10T11:46:04Z,993.0538,946.331,46.72280000000001
7797,2017-11-10T11:29:41Z,MTA NYCT_BX36,93.735,158.03,34,1065.453,1125.447,1120.999,1053.837,1094.244,40.407,40.407,13,15--20,in_progress,1,460.3,3341.12,6648.4,WF,TRUE,FALSE,MTA_BX360218,MTA_102448,MTA NYCT_WF_D7-Weekday_C_WF_22920_BX36-125,2017-11-10T05:00:00Z,2017-11-10T11:47:14Z,2017-11-10T11:47:55Z,1100.5598,1053.837,46.72280000000001
7797,2017-11-10T11:29:41Z,MTA NYCT_BX36,31.759,26.528,51,1097.212,1151.975,1171.999,1087.352,1140.44,53.088,53.088,14,15--20,in_progress,1,460.3,3482.42,6648.4,WF,TRUE,FALSE,MTA_BX360218,MTA_102449,MTA NYCT_WF_D7-Weekday_C_WF_22920_BX36-125,2017-11-10T05:00:00Z,2017-11-10T11:47:48Z,2017-11-10T11:48:41Z,1134.0746,1087.352,46.72259999999983
7797,2017-11-10T11:29:41Z,MTA NYCT_BX36,100.051,92.913,88,1197.263,1244.888,1259.999,1182.137,1235.006,52.869,52.869,15,15--20,in_progress,1,460.3,3728.55,6648.4,WF,TRUE,FALSE,MTA_BX360218,MTA_102450,MTA NYCT_WF_D7-Weekday_C_WF_22920_BX36-125,2017-11-10T05:00:00Z,2017-11-10T11:49:23Z,2017-11-10T11:50:16Z,1228.8602,1182.137,46.72320000000013
7797,2017-11-10T11:29:41Z,MTA NYCT_BX36,62.865,58.929,105,1260.128,1303.817,1364.999,1251.855,1283.098,31.243,31.243,16,20+,in_progress,1,460.3,4021.86,6648.4,WF,TRUE,FALSE,MTA_BX360218,MTA_102451,MTA NYCT_WF_D7-Weekday_C_WF_22920_BX36-125,2017-11-10T05:00:00Z,2017-11-10T11:50:32Z,2017-11-10T11:51:04Z,1298.5778,1251.855,46.72280000000001
7797,2017-11-10T11:29:41Z,MTA NYCT_BX36,34.131,39.035,52,1294.259,1342.852,1416.999,1291.521,1299.145,7.624,7.624,17,20+,in_progress,1,460.3,4167.2,6648.4,WF,TRUE,FALSE,MTA_BX360218,MTA_102452,MTA NYCT_WF_D7-Weekday_C_WF_22920_BX36-125,2017-11-10T05:00:00Z,2017-11-10T11:51:12Z,2017-11-10T11:51:20Z,1338.2442,1291.521,46.72320000000013
7797,2017-11-10T11:29:41Z,MTA NYCT_BX36,44.058,31.668,44,1338.317,1374.52,1460.999,1330.611,1361.475,30.864,30.864,18,20+,in_progress,1,460.3,4289.63,6648.4,WF,TRUE,FALSE,MTA_BX360218,MTA_102453,MTA NYCT_WF_D7-Weekday_C_WF_22920_BX36-125,2017-11-10T05:00:00Z,2017-11-10T11:51:51Z,2017-11-10T11:52:22Z,1377.3346000000001,1330.611,46.72360000000003
7797,2017-11-10T11:29:41Z,MTA NYCT_BX36,65,34.12,29,1403.317,1408.6399999999999,1489.999,1376.059,1454.68,78.621,78.621,19,20+,in_progress,1,460.3,4369.23,6648.4,WF,TRUE,FALSE,MTA_BX360218,MTA_100195,MTA NYCT_WF_D7-Weekday_C_WF_22920_BX36-125,2017-11-10T05:00:00Z,2017-11-10T11:52:37Z,2017-11-10T11:53:55Z,1422.7826,1376.059,46.72360000000003
7797,2017-11-10T11:29:41Z,MTA NYCT_BX36,93.175,67.789,88,1496.492,1476.429,1577.999,1458.045,1485.806,27.761,27.761,20,20+,in_progress,1,460.3,4614.28,6648.4,WF,TRUE,FALSE,MTA_BX360218,MTA_100197,MTA NYCT_WF_D7-Weekday_C_WF_22920_BX36-125,2017-11-10T05:00:00Z,2017-11-10T11:53:59Z,2017-11-10T11:54:26Z,1504.7682,1458.045,46.723199999999906
7797,2017-11-10T11:30:12Z,MTA NYCT_BX36,63,63.02,86,222.791,234.629,241,184.446,160.495,-23.951,23.951,4,2--4,in_progress,1,586.89,1162.39,6648.4,WF,TRUE,FALSE,MTA_BX360218,MTA_103897,MTA NYCT_WF_D7-Weekday_C_WF_22920_BX36-125,2017-11-10T05:00:00Z,2017-11-10T11:33:17Z,2017-11-10T11:32:53Z,231.168,184.446,46.72200000000001
7797,2017-11-10T11:30:12Z,MTA NYCT_BX36,62.74,62.05,85,285.531,296.679,326,251.362,222.855,-28.507,28.507,5,4--6,in_progress,1,586.89,1375.95,6648.4,WF,TRUE,FALSE,MTA_BX360218,MTA_102437,MTA NYCT_WF_D7-Weekday_C_WF_22920_BX36-125,2017-11-10T05:00:00Z,2017-11-10T11:34:24Z,2017-11-10T11:33:55Z,298.084,251.362,46.72200000000001
7797,2017-11-10T11:30:12Z,MTA NYCT_BX36,96,82.302,109,381.531,378.981,435,344.483,316.78,-27.703,27.703,6,4--6,in_progress,1,586.89,1647.66,6648.4,WF,TRUE,FALSE,MTA_BX360218,MTA_102439,MTA NYCT_WF_D7-Weekday_C_WF_22920_BX36-125,2017-11-10T05:00:00Z,2017-11-10T11:35:57Z,2017-11-10T11:35:29Z,391.2048,344.483,46.72179999999997
7797,2017-11-10T11:30:12Z,MTA NYCT_BX36,62.003,73.528,81,443.534,452.509,516,414.895,445.05,30.155,30.155,7,6--10,in_progress,1,586.89,1849.98,6648.4,WF,TRUE,FALSE,MTA_BX360218,MTA_102440,MTA NYCT_WF_D7-Weekday_C_WF_22920_BX36-125,2017-11-10T05:00:00Z,2017-11-10T11:37:07Z,2017-11-10T11:37:38Z,461.61719999999997,414.895,46.72219999999999
7797,2017-11-10T11:30:12Z,MTA NYCT_BX36,97.031,94.02,61,540.565,546.529,577,503.515,563.612,60.097,60.097,8,6--10,in_progress,1,586.89,2001.47,6648.4,WF,TRUE,FALSE,MTA_BX360218,MTA_102441,MTA NYCT_WF_D7-Weekday_C_WF_22920_BX36-125,2017-11-10T05:00:00Z,2017-11-10T11:38:36Z,2017-11-10T11:39:36Z,550.2376,503.515,46.72260000000006
7797,2017-11-10T11:30:12Z,MTA NYCT_BX36,156.449,156.045,149,697.014,702.574,726,658.313,635.227,-23.086,23.086,9,10--15,in_progress,1,586.89,2375.88,6648.4,WF,TRUE,FALSE,MTA_BX360218,MTA_102811,MTA NYCT_WF_D7-Weekday_C_WF_22920_BX36-125,2017-11-10T05:00:00Z,2017-11-10T11:41:11Z,2017-11-10T11:40:48Z,705.0352,658.313,46.72220000000004
7797,2017-11-10T11:30:12Z,MTA NYCT_BX36,136.932,126,151,833.946,828.574,877,793.686,809.812,16.126,16.126,10,10--15,in_progress,1,586.89,2752.63,6648.4,WF,TRUE,FALSE,MTA_BX360218,MTA_802162,MTA NYCT_WF_D7-Weekday_C_WF_22920_BX36-125,2017-11-10T05:00:00Z,2017-11-10T11:43:26Z,2017-11-10T11:43:42Z,840.408,793.686,46.72199999999998
7797,2017-11-10T11:30:12Z,MTA NYCT_BX36,31.075,63,60,940.746,972.718,1055,929.664,951.08,21.416,21.416,12,15--20,in_progress,1,586.89,3245.66,6648.4,WF,TRUE,FALSE,MTA_BX360218,MTA_102447,MTA NYCT_WF_D7-Weekday_C_WF_22920_BX36-125,2017-11-10T05:00:00Z,2017-11-10T11:45:42Z,2017-11-10T11:46:04Z,976.3856000000001,929.664,46.72160000000008
7797,2017-11-10T11:30:12Z,MTA NYCT_BX36,93.735,158.03,34,1034.481,1130.748,1089,1037.17,1062.294,25.124,25.124,13,15--20,in_progress,1,586.89,3341.12,6648.4,WF,TRUE,FALSE,MTA_BX360218,MTA_102448,MTA NYCT_WF_D7-Weekday_C_WF_22920_BX36-125,2017-11-10T05:00:00Z,2017-11-10T11:47:30Z,2017-11-10T11:47:55Z,1083.8916000000002,1037.17,46.72160000000008
7797,2017-11-10T11:30:12Z,MTA NYCT_BX36,31.759,26.528,51,1066.24,1157.276,1140,1070.685,1108.49,37.805,37.805,14,15--20,in_progress,1,586.89,3482.42,6648.4,WF,TRUE,FALSE,MTA_BX360218,MTA_102449,MTA NYCT_WF_D7-Weekday_C_WF_22920_BX36-125,2017-11-10T05:00:00Z,2017-11-10T11:48:03Z,2017-11-10T11:48:41Z,1117.4064,1070.685,46.72140000000013
7797,2017-11-10T11:30:12Z,MTA NYCT_BX36,100.051,92.913,88,1166.291,1250.189,1228,1165.47,1203.056,37.586,37.586,15,15--20,in_progress,1,586.89,3728.55,6648.4,WF,TRUE,FALSE,MTA_BX360218,MTA_102450,MTA NYCT_WF_D7-Weekday_C_WF_22920_BX36-125,2017-11-10T05:00:00Z,2017-11-10T11:49:38Z,2017-11-10T11:50:16Z,1212.192,1165.47,46.72199999999998
7797,2017-11-10T11:30:12Z,MTA NYCT_BX36,62.865,58.929,105,1229.156,1309.118,1333,1235.188,1251.148,15.96,15.96,16,20+,in_progress,1,586.89,4021.86,6648.4,WF,TRUE,FALSE,MTA_BX360218,MTA_102451,MTA NYCT_WF_D7-Weekday_C_WF_22920_BX36-125,2017-11-10T05:00:00Z,2017-11-10T11:50:48Z,2017-11-10T11:51:04Z,1281.9096,1235.188,46.72159999999985
7797,2017-11-10T11:30:12Z,MTA NYCT_BX36,34.131,39.035,52,1263.287,1348.153,1385,1274.854,1267.195,-7.659,7.659,17,20+,in_progress,1,586.89,4167.2,6648.4,WF,TRUE,FALSE,MTA_BX360218,MTA_102452,MTA NYCT_WF_D7-Weekday_C_WF_22920_BX36-125,2017-11-10T05:00:00Z,2017-11-10T11:51:27Z,2017-11-10T11:51:20Z,1321.576,1274.854,46.72199999999998
7797,2017-11-10T11:30:12Z,MTA NYCT_BX36,44.058,31.465,44,1307.345,1379.618,1429,1313.863,1329.525,15.662,15.662,18,20+,in_progress,1,586.89,4289.63,6648.4,WF,TRUE,FALSE,MTA_BX360218,MTA_102453,MTA NYCT_WF_D7-Weekday_C_WF_22920_BX36-125,2017-11-10T05:00:00Z,2017-11-10T11:52:06Z,2017-11-10T11:52:22Z,1360.5852,1313.863,46.72219999999993
7797,2017-11-10T11:30:12Z,MTA NYCT_BX36,65,34.12,29,1372.345,1413.738,1458,1359.311,1422.73,63.419,63.419,19,20+,in_progress,1,586.89,4369.23,6648.4,WF,TRUE,FALSE,MTA_BX360218,MTA_100195,MTA NYCT_WF_D7-Weekday_C_WF_22920_BX36-125,2017-11-10T05:00:00Z,2017-11-10T11:52:52Z,2017-11-10T11:53:55Z,1406.0331999999999,1359.311,46.72219999999993
7797,2017-11-10T11:30:12Z,MTA NYCT_BX36,93.175,67.789,88,1465.52,1481.527,1546,1441.297,1453.856,12.559,12.559,20,20+,in_progress,1,586.89,4614.28,6648.4,WF,TRUE,FALSE,MTA_BX360218,MTA_100197,MTA NYCT_WF_D7-Weekday_C_WF_22920_BX36-125,2017-11-10T05:00:00Z,2017-11-10T11:54:14Z,2017-11-10T11:54:26Z,1488.0188,1441.297,46.72180000000003
3701,2017-11-10T11:37:16Z,MTABC_Q60,63,29.622,89,1656.711,969.647,1527,1297.601,1702,404.399,404.399,16,20+,in_progress,1,360.08,5117.99,17049.12,JK,FALSE,FALSE,MTA_Q600208,MTA_551662,MTABC_JKPE7-JK_E7-Weekday-40-SDon_3545165,2017-11-10T05:00:00Z,2017-11-10T11:58:53Z,2017-11-10T12:05:38Z,1355.9432000000002,1297.601,58.34220000000005
3701,2017-11-10T11:37:16Z,MTABC_Q60,32.5,23.852,56,1689.211,993.499,1583,1331.342,1765,433.658,433.658,17,20+,in_progress,1,360.08,5312.5,17049.12,JK,FALSE,FALSE,MTA_Q600208,MTA_551693,MTABC_JKPE7-JK_E7-Weekday-40-SDon_3545165,2017-11-10T05:00:00Z,2017-11-10T11:59:27Z,2017-11-10T12:06:41Z,1389.6840000000002,1331.342,58.3420000000001
3701,2017-11-10T11:37:16Z,MTABC_Q60,39.193,38.775,59,1728.404,1032.2740000000001,1642,1374.329,1886.984,512.655,512.655,18,20+,in_progress,1,360.08,5516.79,17049.12,JK,FALSE,FALSE,MTA_Q600208,MTA_551659,MTABC_JKPE7-JK_E7-Weekday-40-SDon_3545165,2017-11-10T05:00:00Z,2017-11-10T12:00:10Z,2017-11-10T12:08:42Z,1432.6712000000002,1374.329,58.342200000000275
3701,2017-11-10T11:37:16Z,MTABC_Q60,70.621,64,62,1799.0249999999999,1096.2740000000001,1704,1440.577,2028,587.423,587.423,19,20+,in_progress,1,360.08,5730.55,17049.12,JK,FALSE,FALSE,MTA_Q600208,MTA_551694,MTABC_JKPE7-JK_E7-Weekday-40-SDon_3545165,2017-11-10T05:00:00Z,2017-11-10T12:01:16Z,2017-11-10T12:11:04Z,1498.9196,1440.577,58.34259999999995
3701,2017-11-10T11:37:16Z,MTABC_Q60,63,122.016,64,1862.0249999999999,1218.29,1768,1527.383,2059,531.617,531.617,20,20+,in_progress,1,360.08,5920.12,17049.12,JK,FALSE,FALSE,MTA_Q600208,MTA_551695,MTABC_JKPE7-JK_E7-Weekday-40-SDon_3545165,2017-11-10T05:00:00Z,2017-11-10T12:02:43Z,2017-11-10T12:11:35Z,1585.726,1527.383,58.343000000000075
3701,2017-11-10T11:37:47Z,MTABC_Q60,63,29.622,89,1625.129,943.926,1501.998,1271.562,1671,399.438,399.438,16,20+,in_progress,1,428.84,5117.99,17049.12,JK,FALSE,FALSE,MTA_Q600208,MTA_551662,MTABC_JKPE7-JK_E7-Weekday-40-SDon_3545165,2017-11-10T05:00:00Z,2017-11-10T11:58:58Z,2017-11-10T12:05:38Z,1328.0216,1271.562,56.45960000000014
3701,2017-11-10T11:37:47Z,MTABC_Q60,32.5,23.852,56,1657.629,967.778,1557.998,1305.303,1734,428.697,428.697,17,20+,in_progress,1,428.84,5312.5,17049.12,JK,FALSE,FALSE,MTA_Q600208,MTA_551693,MTABC_JKPE7-JK_E7-Weekday-40-SDon_3545165,2017-11-10T05:00:00Z,2017-11-10T11:59:32Z,2017-11-10T12:06:41Z,1361.7624,1305.303,56.45939999999996
3701,2017-11-10T11:37:47Z,MTABC_Q60,39.193,38.775,59,1696.822,1006.553,1616.998,1348.29,1855.984,507.694,507.694,18,20+,in_progress,1,428.84,5516.79,17049.12,JK,FALSE,FALSE,MTA_Q600208,MTA_551659,MTABC_JKPE7-JK_E7-Weekday-40-SDon_3545165,2017-11-10T05:00:00Z,2017-11-10T12:00:15Z,2017-11-10T12:08:42Z,1404.7495999999999,1348.29,56.45959999999991
3701,2017-11-10T11:37:47Z,MTABC_Q60,70.621,64,62,1767.443,1070.553,1678.998,1414.538,1997,582.462,582.462,19,20+,in_progress,1,428.84,5730.55,17049.12,JK,FALSE,FALSE,MTA_Q600208,MTA_551694,MTABC_JKPE7-JK_E7-Weekday-40-SDon_3545165,2017-11-10T05:00:00Z,2017-11-10T12:01:21Z,2017-11-10T12:11:04Z,1470.9980000000003,1414.538,56.460000000000264
3701,2017-11-10T11:37:47Z,MTABC_Q60,63,122.016,64,1830.443,1192.569,1742.998,1501.344,2028,526.656,526.656,20,20+,in_progress,1,428.84,5920.12,17049.12,JK,FALSE,FALSE,MTA_Q600208,MTA_551695,MTABC_JKPE7-JK_E7-Weekday-40-SDon_3545165,2017-11-10T05:00:00Z,2017-11-10T12:02:48Z,2017-11-10T12:11:35Z,1557.8044,1501.344,56.460399999999936
3701,2017-11-10T11:38:19Z,MTABC_Q60,63,29.622,89,1567.026,910.751,1456,1225.849,1639,413.151,413.151,16,20+,in_progress,1,555.34,5117.99,17049.12,JK,FALSE,FALSE,MTA_Q600208,MTA_551662,MTABC_JKPE7-JK_E7-Weekday-40-SDon_3545165,2017-11-10T05:00:00Z,2017-11-10T11:58:44Z,2017-11-10T12:05:38Z,1282.3108000000002,1225.849,56.46180000000027
3701,2017-11-10T11:38:19Z,MTABC_Q60,32.5,23.852,56,1599.526,934.603,1512,1259.59,1702,442.41,442.41,17,20+,in_progress,1,555.34,5312.5,17049.12,JK,FALSE,FALSE,MTA_Q600208,MTA_551693,MTABC_JKPE7-JK_E7-Weekday-40-SDon_3545165,2017-11-10T05:00:00Z,2017-11-10T11:59:18Z,2017-11-10T12:06:41Z,1316.0516000000002,1259.59,56.46160000000032
3701,2017-11-10T11:38:19Z,MTABC_Q60,39.193,38.775,59,1638.719,973.378,1571,1302.577,1823.984,521.407,521.407,18,20+,in_progress,1,555.34,5516.79,17049.12,JK,FALSE,FALSE,MTA_Q600208,MTA_551659,MTABC_JKPE7-JK_E7-Weekday-40-SDon_3545165,2017-11-10T05:00:00Z,2017-11-10T12:00:01Z,2017-11-10T12:08:42Z,1359.0388,1302.577,56.46180000000004
3701,2017-11-10T11:38:19Z,MTABC_Q60,70.621,64,62,1709.34,1037.378,1633,1368.825,1965,596.175,596.175,19,20+,in_progress,1,555.34,5730.55,17049.12,JK,FALSE,FALSE,MTA_Q600208,MTA_551694,MTABC_JKPE7-JK_E7-Weekday-40-SDon_3545165,2017-11-10T05:00:00Z,2017-11-10T12:01:07Z,2017-11-10T12:11:04Z,1425.2871999999998,1368.825,56.46219999999971
3701,2017-11-10T11:38:19Z,MTABC_Q60,63,122.016,64,1772.34,1159.394,1697,1455.631,1996,540.369,540.369,20,20+,in_progress,1,555.34,5920.12,17049.12,JK,FALSE,FALSE,MTA_Q600208,MTA_551695,MTABC_JKPE7-JK_E7-Weekday-40-SDon_3545165,2017-11-10T05:00:00Z,2017-11-10T12:02:34Z,2017-11-10T12:11:35Z,1512.0936000000002,1455.631,56.462600000000066
6034,2017-11-10T11:45:39Z,MTABC_Q10,63,64,73,888.712,804.217,1002,746.328,1144,397.672,397.672,13,10--15,in_progress,0,4705.57,7969.3,12038.03,JK,FALSE,FALSE,MTA_Q100280,MTA_550313,MTABC_JKPE7-JK_S7-Weekday-50_3574392,2017-11-10T05:00:00Z,2017-11-10T11:58:05Z,2017-11-10T12:04:43Z,877.5716,746.328,131.24360000000001
6034,2017-11-10T11:45:39Z,MTABC_Q10,94.202,64,73,982.914,868.217,1075,824.209,-386.255,-1210.464,1210.464,14,10--15,in_progress,0,4705.57,8176.45,12038.03,JK,FALSE,FALSE,MTA_Q100280,MTA_550315,MTABC_JKPE7-JK_S7-Weekday-50_3574392,2017-11-10T05:00:00Z,2017-11-10T11:59:23Z,2017-11-10T11:39:12Z,955.4524000000001,824.209,131.24340000000018
6034,2017-11-10T11:46:11Z,MTABC_Q10,63,64,73,888.712,803.467,1002,746.028,1112,365.972,365.972,13,10--15,in_progress,0,4705.57,7969.3,12038.03,JK,FALSE,FALSE,MTA_Q100280,MTA_550313,MTABC_JKPE7-JK_S7-Weekday-50_3574392,2017-11-10T05:00:00Z,2017-11-10T11:58:37Z,2017-11-10T12:04:43Z,877.2715999999999,746.028,131.2435999999999
6034,2017-11-10T11:46:11Z,MTABC_Q10,94.202,64,73,982.914,867.467,1075,823.909,-418.255,-1242.164,1242.164,14,10--15,in_progress,0,4705.57,8176.45,12038.03,JK,FALSE,FALSE,MTA_Q100280,MTA_550315,MTABC_JKPE7-JK_S7-Weekday-50_3574392,2017-11-10T05:00:00Z,2017-11-10T11:59:54Z,2017-11-10T11:39:12Z,955.1524000000001,823.909,131.24340000000007
6034,2017-11-10T11:46:43Z,MTABC_Q10,63,64,73,888.712,818.083,1002,751.874,1080,328.126,328.126,13,10--15,in_progress,0,4705.57,7969.3,12038.03,JK,FALSE,FALSE,MTA_Q100280,MTA_550313,MTABC_JKPE7-JK_S7-Weekday-50_3574392,2017-11-10T05:00:00Z,2017-11-10T11:59:14Z,2017-11-10T12:04:43Z,883.118,751.874,131.24400000000003
6034,2017-11-10T11:46:43Z,MTABC_Q10,94.202,64,73,982.914,882.083,1075,829.755,-450.255,-1280.01,1280.01,14,10--15,in_progress,0,4705.57,8176.45,12038.03,JK,FALSE,FALSE,MTA_Q100280,MTA_550315,MTABC_JKPE7-JK_S7-Weekday-50_3574392,2017-11-10T05:00:00Z,2017-11-10T12:00:32Z,2017-11-10T11:39:12Z,960.9988000000001,829.755,131.24380000000008
6034,2017-11-10T11:47:15Z,MTABC_Q10,63,64,73,888.712,781.4689999999999,1002,749.228,1048,298.772,298.772,13,10--15,in_progress,0,4705.57,7969.3,12038.03,JK,FALSE,FALSE,MTA_Q100280,MTA_550313,MTABC_JKPE7-JK_S7-Weekday-50_3574392,2017-11-10T05:00:00Z,2017-11-10T11:59:44Z,2017-11-10T12:04:43Z,868.4724,749.228,119.24440000000004
6034,2017-11-10T11:47:15Z,MTABC_Q10,94.202,64,73,982.914,845.4689999999999,1075,827.109,-482.255,-1309.364,1309.364,14,10--15,in_progress,0,4705.57,8176.45,12038.03,JK,FALSE,FALSE,MTA_Q100280,MTA_550315,MTABC_JKPE7-JK_S7-Weekday-50_3574392,2017-11-10T05:00:00Z,2017-11-10T12:01:02Z,2017-11-10T11:39:12Z,946.3532,827.109,119.24419999999998
6034,2017-11-10T11:47:47Z,MTABC_Q10,63,64,73,888.712,773.4689999999999,1002,747.628,1016,268.372,268.372,13,10--15,in_progress,0,4705.57,7969.3,12038.03,JK,FALSE,FALSE,MTA_Q100280,MTA_550313,MTABC_JKPE7-JK_S7-Weekday-50_3574392,2017-11-10T05:00:00Z,2017-11-10T12:00:14Z,2017-11-10T12:04:43Z,865.2724,747.628,117.6443999999999
6034,2017-11-10T11:47:47Z,MTABC_Q10,94.202,64,73,982.914,837.4689999999999,1075,825.509,-514.255,-1339.764,1339.764,14,10--15,in_progress,0,4705.57,8176.45,12038.03,JK,FALSE,FALSE,MTA_Q100280,MTA_550315,MTABC_JKPE7-JK_S7-Weekday-50_3574392,2017-11-10T05:00:00Z,2017-11-10T12:01:32Z,2017-11-10T11:39:12Z,943.1532,825.509,117.64419999999996
6034,2017-11-10T11:48:19Z,MTABC_Q10,63,64,73,888.712,773.4689999999999,1002,747.628,984,236.372,236.372,13,10--15,in_progress,0,4705.57,7969.3,12038.03,JK,FALSE,FALSE,MTA_Q100280,MTA_550313,MTABC_JKPE7-JK_S7-Weekday-50_3574392,2017-11-10T05:00:00Z,2017-11-10T12:00:46Z,2017-11-10T12:04:43Z,865.2724,747.628,117.6443999999999
6034,2017-11-10T11:48:19Z,MTABC_Q10,94.202,64,73,982.914,837.4689999999999,1075,825.509,-546.255,-1371.764,1371.764,14,10--15,in_progress,0,4705.57,8176.45,12038.03,JK,FALSE,FALSE,MTA_Q100280,MTA_550315,MTABC_JKPE7-JK_S7-Weekday-50_3574392,2017-11-10T05:00:00Z,2017-11-10T12:02:04Z,2017-11-10T11:39:12Z,943.1532,825.509,117.64419999999996
6034,2017-11-10T11:48:51Z,MTABC_Q10,63,64,73,888.712,833.4689999999999,1002,759.628,952,192.372,192.372,13,10--15,in_progress,0,4705.57,7969.3,12038.03,JK,FALSE,FALSE,MTA_Q100280,MTA_550313,MTABC_JKPE7-JK_S7-Weekday-50_3574392,2017-11-10T05:00:00Z,2017-11-10T12:01:30Z,2017-11-10T12:04:43Z,889.2724,759.628,129.6443999999999
6034,2017-11-10T11:48:51Z,MTABC_Q10,94.202,64,73,982.914,897.4689999999999,1075,837.509,-578.255,-1415.764,1415.764,14,10--15,in_progress,0,4705.57,8176.45,12038.03,JK,FALSE,FALSE,MTA_Q100280,MTA_550315,MTABC_JKPE7-JK_S7-Weekday-50_3574392,2017-11-10T05:00:00Z,2017-11-10T12:02:48Z,2017-11-10T11:39:12Z,967.1532,837.509,129.64419999999996
6034,2017-11-10T11:49:23Z,MTABC_Q10,63,64,73,888.712,833.4689999999999,1002,759.628,920,160.372,160.372,13,10--15,in_progress,0,4705.57,7969.3,12038.03,JK,FALSE,FALSE,MTA_Q100280,MTA_550313,MTABC_JKPE7-JK_S7-Weekday-50_3574392,2017-11-10T05:00:00Z,2017-11-10T12:02:02Z,2017-11-10T12:04:43Z,889.2724,759.628,129.6443999999999
6034,2017-11-10T11:49:23Z,MTABC_Q10,94.202,64,73,982.914,897.4689999999999,1075,837.509,-610.255,-1447.764,1447.764,14,10--15,in_progress,0,4705.57,8176.45,12038.03,JK,FALSE,FALSE,MTA_Q100280,MTA_550315,MTABC_JKPE7-JK_S7-Weekday-50_3574392,2017-11-10T05:00:00Z,2017-11-10T12:03:20Z,2017-11-10T11:39:12Z,967.1532,837.509,129.64419999999996
6034,2017-11-10T11:49:55Z,MTABC_Q10,63,64,73,888.712,875.319,1002,776.368,888,111.632,111.632,13,10--15,in_progress,0,4705.57,7969.3,12038.03,JK,FALSE,FALSE,MTA_Q100280,MTA_550313,MTABC_JKPE7-JK_S7-Weekday-50_3574392,2017-11-10T05:00:00Z,2017-11-10T12:02:51Z,2017-11-10T12:04:43Z,906.0124,776.368,129.6443999999999
6034,2017-11-10T11:49:55Z,MTABC_Q10,94.202,64,73,982.914,939.319,1075,854.249,-642.255,-1496.504,1496.504,14,10--15,in_progress,0,4705.57,8176.45,12038.03,JK,FALSE,FALSE,MTA_Q100280,MTA_550315,MTABC_JKPE7-JK_S7-Weekday-50_3574392,2017-11-10T05:00:00Z,2017-11-10T12:04:09Z,2017-11-10T11:39:12Z,983.8932,854.249,129.64419999999996
6034,2017-11-10T11:50:26Z,MTABC_Q10,63,64,73,888.712,875.319,1002,776.368,857,80.632,80.632,13,10--15,in_progress,0,4705.57,7969.3,12038.03,JK,FALSE,FALSE,MTA_Q100280,MTA_550313,MTABC_JKPE7-JK_S7-Weekday-50_3574392,2017-11-10T05:00:00Z,2017-11-10T12:03:22Z,2017-11-10T12:04:43Z,906.0124,776.368,129.6443999999999
6034,2017-11-10T11:50:26Z,MTABC_Q10,94.202,64,73,982.914,939.319,1075,854.249,-673.255,-1527.504,1527.504,14,10--15,in_progress,0,4705.57,8176.45,12038.03,JK,FALSE,FALSE,MTA_Q100280,MTA_550315,MTABC_JKPE7-JK_S7-Weekday-50_3574392,2017-11-10T05:00:00Z,2017-11-10T12:04:40Z,2017-11-10T11:39:12Z,983.8932,854.249,129.64419999999996
6034,2017-11-10T11:50:58Z,MTABC_Q10,63,64,73,888.712,876.319,1002,776.768,825,48.232,48.232,13,10--15,in_progress,0,4705.57,7969.3,12038.03,JK,FALSE,FALSE,MTA_Q100280,MTA_550313,MTABC_JKPE7-JK_S7-Weekday-50_3574392,2017-11-10T05:00:00Z,2017-11-10T12:03:54Z,2017-11-10T12:04:43Z,906.4124,776.768,129.64440000000002
6034,2017-11-10T11:50:58Z,MTABC_Q10,94.202,64,73,982.914,940.319,1075,854.649,-705.255,-1559.904,1559.904,14,10--15,in_progress,0,4705.57,8176.45,12038.03,JK,FALSE,FALSE,MTA_Q100280,MTA_550315,MTABC_JKPE7-JK_S7-Weekday-50_3574392,2017-11-10T05:00:00Z,2017-11-10T12:05:12Z,2017-11-10T11:39:12Z,984.2932000000001,854.649,129.64420000000007
6034,2017-11-10T11:51:29Z,MTABC_Q10,63,64,73,888.712,884.319,1002,778.368,794,15.632,15.632,13,10--15,in_progress,0,4705.57,7969.3,12038.03,JK,FALSE,FALSE,MTA_Q100280,MTA_550313,MTABC_JKPE7-JK_S7-Weekday-50_3574392,2017-11-10T05:00:00Z,2017-11-10T12:04:27Z,2017-11-10T12:04:43Z,909.6124,778.368,131.24439999999993
6034,2017-11-10T11:51:29Z,MTABC_Q10,94.202,64,73,982.914,948.319,1075,856.249,-736.255,-1592.504,1592.504,14,10--15,in_progress,0,4705.57,8176.45,12038.03,JK,FALSE,FALSE,MTA_Q100280,MTA_550315,MTABC_JKPE7-JK_S7-Weekday-50_3574392,2017-11-10T05:00:00Z,2017-11-10T12:05:45Z,2017-11-10T11:39:12Z,987.4932000000001,856.249,131.2442000000001
6034,2017-11-10T11:52:01Z,MTABC_Q10,63,64,73,888.712,884.319,1002,778.368,762,-16.368,16.368,13,10--15,in_progress,0,4705.57,7969.3,12038.03,JK,FALSE,FALSE,MTA_Q100280,MTA_550313,MTABC_JKPE7-JK_S7-Weekday-50_3574392,2017-11-10T05:00:00Z,2017-11-10T12:04:59Z,2017-11-10T12:04:43Z,909.6124,778.368,131.24439999999993
6034,2017-11-10T11:52:01Z,MTABC_Q10,94.202,64,73,982.914,948.319,1075,856.249,-768.255,-1624.504,1624.504,14,10--15,in_progress,0,4705.57,8176.45,12038.03,JK,FALSE,FALSE,MTA_Q100280,MTA_550315,MTABC_JKPE7-JK_S7-Weekday-50_3574392,2017-11-10T05:00:00Z,2017-11-10T12:06:17Z,2017-11-10T11:39:12Z,987.4932000000001,856.249,131.2442000000001
